Logger_ID,Rotation_Round,Date,Grid_Cell,Coordinates,Notes
086E,R1,07/10/24,B2,"7, 2",
084F,R1,07/10/24,B6,"5,6",
084E,R1,07/10/24,B10,"3, 7",
085C,R1,07/10/24,B14,"3, 9",
863,R1,07/10/24,B18,"6, 5",
877,R1,07/10/24,C4,"2,6",
834,R1,07/10/24,C8,"3, 5",
821,R1,07/10/24,C12,"6, 5",
082C,R1,07/10/24,C16,"3, 9",
851,R1,07/10/24,C20,"4, 1",
082F,R1,07/10/24,D2,"2, 1",
084D,R1,07/10/24,D6,"10, 4",
871,R1,07/10/24,D10,"2, 7",
850,R1,07/10/24,D14,"4, 5",
878,R1,07/10/24,D18,"8, 4",
860,R1,07/10/24,E4,"7, 7",
086B,R1,07/10/24,E8,"5, 9",
084C,R1,07/10/24,E12,"6, 2",
801,R1,07/10/24,E16,"1, 8",
853,R1,07/10/24,E20,"5, 7",
833,R1,07/10/24,F2,"8, 5",
845,R1,07/10/24,F6,"10, 10",
086C,R1,07/10/24,F10,"7, 9",
839,R1,07/10/24,F14,"10, 8",
085E,R1,07/10/24,F18,"6, 5",
811,R1,07/10/24,G4,"8, 8",
085B,R1,07/10/24,G8,"3, 4",
832,R1,07/10/24,G12,"9, 6",
831,R1,07/10/24,G16,"5, 6",
869,R1,07/10/24,G20,"4, 3",
080D,R1,07/10/24,H2,"7, 3",
826,R1,07/10/24,H6,"5, 7",
080E,R1,07/10/24,H10,"6, 6",
841,R1,07/10/24,H14,"10, 4",
865,R1,07/10/24,H18,"7, 3",
844,R1,07/10/24,I4,"9, 8",
809,R1,07/10/24,I8,"5, 4",
082D,R1,07/10/24,I12,"10, 3",
830,R1,07/10/24,I16,"2, 3",
827,R1,07/10/24,I20,"10, 9",
874,R1,07/10/24,J2,"4, 10",
829,R1,07/10/24,J6,"5, 4",
864,R1,07/10/24,J10,"7, 9",
854,R1,07/10/24,J14,"5, 9",
082E,R1,07/10/24,J18,"2, 1",
866,R1,07/10/24,K4,"10, 6",
876,R1,07/10/24,K8,"6, 2",
847,R1,07/10/24,K12,"4, 3",
083A,R1,07/10/24,K16,"10, 8",
873,R1,07/10/24,K20,"3, 6",
842,R1,07/10/24,L2,"1, 1",
855,R1,07/10/24,L6,"1, 6",
835,R1,07/10/24,L10,"7, 9",
848,R1,07/10/24,L14,"5, 6",
080A,R1,07/10/24,L18,"5, 2",
852,R1,07/10/24,M4,"10, 5",
086A,R1,07/10/24,M8,"10, 9",
840,R1,07/10/24,M12,"6, 2",
822,R1,07/10/24,M16,"9, 10",
081A,R1,07/10/24,M20,"3, 6",
858,R1,07/10/24,N2,"4, 1",
081D,R1,07/10/24,N6,"6, 4",
083D,R1,07/10/24,N10,"5, 6",
870,R1,07/10/24,N14,"7, 8",
859,R1,07/10/24,N18,"2, 2",
828,R1,07/10/24,O4,"1, 1",
819,R1,07/10/24,O8,"4, 7",
083C,R1,07/10/24,O12,"2, 10",
082A,R1,07/10/24,O16,"1, 6",
868,R1,07/10/24,O20,"9, 8",
825,R1,07/10/24,P2,"9, 3",
808,R1,07/10/24,P6,"2, 5",
838,R1,07/10/24,P10,"1, 10",
802,R1,07/10/24,P14,"1, 3",
823,R1,07/10/24,P18,"9,10",
083E,R1,07/10/24,Q4,"4, 6",
084A,R1,07/10/24,Q8,"10, 8",
818,R1,07/10/24,Q12,"5, 4",
849,R1,07/10/24,Q16,"10, 8",
856,R1,07/10/24,Q20,"3, 7",
812,R1,07/10/24,R2,"3, 4",
861,R1,07/10/24,R6,"9, 2",
810,R1,07/10/24,R10,"1, 6",
837,R1,07/10/24,R14,"3, 4",
815,R1,07/10/24,R18,"8, 1",
083F,R1,07/10/24,S4,"4, 1",
082B,R1,07/10/24,S8,"5, 9",
843,R1,07/10/24,S12,"7, 10",
875,R1,07/10/24,S16,"10, 8",
085D,R1,07/10/24,S20,"1, 5",
085A,R1,07/10/24,T2,"5, 5",
807,R1,07/10/24,T6,"6, 2",
080B,R1,07/10/24,T10,"6, 2",
083B,R1,07/10/24,T14,"1, 4",
086D,R1,07/10/24,T18,"6, 2",
805,R1,07/10/24,U4,"2, 2",
081C,R1,07/10/24,U8,"4, 7",
804,R1,07/10/24,U12,"10, 7",
086F,R1,07/10/24,U16,"1, 6",
817,R1,07/10/24,U20,"2, 4",
086E,R2,23/10/24,B3,"4,0",
084F,R2,23/10/24,B7,"3,8",
084E,R2,23/10/24,B11,"2,3",
085C,R2,23/10/24,E15,"1,6",
863,R2,23/10/24,B19,"2,10",
877,R2,23/10/24,D4,"7,9",
834,R2,23/10/24,D7,"8,1",
821,R2,23/10/24,D11,"1,4",
082C,R2,23/10/24,D15,"9,2",
851,R2,23/10/24,D19,"6,2",
082F,R2,23/10/24,C1,"7,1",
084D,R2,23/10/24,C5,"8,7",
871,R2,23/10/24,C9,"5,7",
850,R2,23/10/24,C13,"7,0",
878,R2,23/10/24,C17,"2,10",
860,R2,23/10/24,E5,"9,5",
086B,R2,23/10/24,E9,"6,2",
084C,R2,23/10/24,E13,"6,1",
801,R2,23/10/24,E17,"9,6",
853,R2,23/10/24,F19,"4,5",
833,R2,23/10/24,E1,"1,5",
845,R2,23/10/24,F3,"10,4",
086C,R2,23/10/24,F7,"9,1",
839,R2,23/10/24,F11,"2,5",
085E,R2,23/10/24,F15,"1,8",
811,R2,23/10/24,G1,"5,3",
085B,R2,23/10/24,G5,"9,1",
832,R2,23/10/24,G9,"1,6",
831,R2,23/10/24,G13,"1,3",
869,R2,23/10/24,G17,"1,2",
080D,R2,23/10/24,H3,"2,6",
826,R2,23/10/24,H7,"9,8",
080E,R2,23/10/24,H11,"9,5",
841,R2,23/10/24,H15,"5,0",
865,R2,23/10/24,H19,"8,1",
844,R2,23/10/24,J3,"1,8",
809,R2,23/10/24,J7,"8,4",
082D,R2,23/10/24,J11,"6,3",
830,R2,23/10/24,J15,"9,7",
827,R2,23/10/24,J19,"3,1",
874,R2,23/10/24,I1,"2,9",
829,R2,23/10/24,I5,"7,9",
864,R2,23/10/24,I9,"6,1",
854,R2,23/10/24,I13,"1,1",
082E,R2,23/10/24,I17,"9,4",
866,R2,23/10/24,K5,"2,7",
876,R2,23/10/24,K9,"2,2",
847,R2,23/10/24,K13,"7,9",
083A,R2,23/10/24,K17,"1,7",
873,R2,24/10/24,L19,"8,9",
842,R2,23/10/24,K1,"4,9",
855,R2,24/10/24,L3,"3,2",
835,R2,24/10/24,L7,"7,9",
848,R2,24/10/24,L11,"7,1",
080A,R2,24/10/24,L15,"9,1",
852,R2,24/10/24,M1,"3,4",
086A,R2,24/10/24,M5,"8,8",
840,R2,24/10/24,M9,"7,6",
822,R2,24/10/24,M13,"6,4",
081A,R2,24/10/24,M16,"9,1",
858,R2,24/10/24,N3,"9,8",
081D,R2,24/10/24,N7,"5,3",
083D,R2,24/10/24,N11,"8,2",
870,R2,24/10/24,N15,"2,4",
859,R2,24/10/24,N19,"5,6",
828,R2,24/10/24,P3,"1,3",
819,R2,24/10/24,P7,"7,5",
083C,R2,24/10/24,P11,"3,1",
082A,R2,24/10/24,P15,"4,7",
868,R2,24/10/24,P19,"5,7",
825,R2,24/10/24,O1,"4,6",
808,R2,24/10/24,O5,"5,3",
838,R2,24/10/24,O9,"3,5",
802,R2,24/10/24,P13,"1,1",
823,R2,24/10/24,O17,"4,9",
083E,R2,24/10/24,Q1,"2,6",
084A,R2,24/10/24,Q5,"1,5",
818,R2,24/10/24,Q9,"2,4",
849,R2,24/10/24,Q13,"6,1",
856,R2,24/10/24,Q17,"9,7",
812,R2,24/10/24,R3,"7,9",
861,R2,24/10/24,R7,"1,4",
810,R2,24/10/24,R11,"4,5",
837,R2,24/10/24,R15,"1,2",
815,R2,24/10/24,R19,"5,5",
083F,R2,24/10/24,S5,"8,6",
082B,R2,24/10/24,S9,"1,3",
843,R2,24/10/24,S13,"3,1",
875,R2,24/10/24,S17,"3,1",
085D,R2,24/10/24,U1,"9,0",
085A,R2,24/10/24,T3,"9,9",
807,R2,24/10/24,T7,"9,6",
080B,R2,24/10/24,T11,"1,9",
083B,R2,24/10/24,T15,"8,5",
086D,R2,24/10/24,T19,"6,5",
805,R2,24/10/24,U5,"9,6",
081C,R2,24/10/24,U9,"2,1",
804,R2,24/10/24,U13,"5,8",
086F,R2,24/10/24,U17,"1,1",
817,R2,24/10/24,S1,"7,4",
086E,R3,11/11/24,B4,"5,2",
084F,R3,11/11/24,B8,"8,7",
084E,R3,11/11/24,B12,"4,9",
085C,R3,11/11/24,B16,"3,8",
863,R3,11/11/24,B20,"9,1",
877,R3,11/11/24,D4,"4,7",
834,R3,11/11/24,D8,"9,2",
821,R3,11/11/24,D12,"9,8",
082C,R3,11/11/24,D16,"6,3",
851,R3,11/11/24,D20,"9,7",
082F,R3,11/11/24,C2,"9,7",
084D,R3,11/11/24,C6,"9,7",
871,R3,11/11/24,C10,"8,1",
850,R3,11/11/24,C14,"2,6",
878,R3,11/11/24,D18,"6,6",
860,R3,11/11/24,E6,"7,3",
086B,R3,11/11/24,E10,"9,8",
084C,R3,11/11/24,E14,"1,2",
801,R3,11/11/24,E18,"7,3",
853,R3,11/11/24,F20,"7,4",
833,R3,11/11/24,E2,"8,4",
845,R3,11/11/24,F4,"2,2",
086C,R3,11/11/24,F8,"6,2",
839,R3,11/11/24,F12,"3,4",
085E,R3,11/11/24,F16,"1,3",
811,R3,11/11/24,G2,"9,9",
085B,R3,11/11/24,G6,"4,6",
832,R3,11/11/24,G10,"3,4",
831,R3,11/11/24,G14,"2,5",
869,R3,11/11/24,G18,"8,3",
080D,R3,11/11/24,H4,"3,5",
826,R3,11/11/24,H8,"7,8",
080E,R3,11/11/24,H12,"3,3",
841,R3,11/11/24,H16,"7,6",
865,R3,11/11/24,H20,"7,3",
844,R3,11/11/24,J4,"2,5",
809,R3,11/11/24,J8,"4,1",
082D,R3,11/11/24,J12,"7,2",
830,R3,11/11/24,J16,"7,7",
827,R3,11/11/24,J20,"9,6",
874,R3,11/11/24,I2,"5,6",
829,R3,11/11/24,I6,"9,7",
864,R3,11/11/24,I10,"5,6",
854,R3,11/11/24,I14,"9,2",
082E,R3,11/11/24,I18,"8,6",
866,R3,11/11/24,K6,"3,9",
876,R3,11/11/24,K10,"5,8",
847,R3,11/11/24,K14,"7,8",
083A,R3,11/11/24,K18,"2,9",
873,R3,11/11/24,L19,"5,10",
842,R3,11/11/24,K2,"8,3",
855,R3,11/11/24,L4,"6,5",
835,R3,11/11/24,L8,"2,9",
848,R3,11/11/24,L12,"5,8",
080A,R3,11/11/24,L16,"8,8",
852,R3,11/11/24,M2,"9,1",
086A,R3,11/11/24,M6,"1,4",
840,R3,11/11/24,M10,"4,3",
822,R3,11/11/24,M14,"2,2",
081A,R3,11/11/24,M18,"5,4",
858,R3,11/11/24,N4,"6,1",
081D,R3,11/11/24,N8,"2,1",
083D,R3,11/11/24,N12,"9,3",
870,R3,11/11/24,N16,"4,3",
859,R3,11/11/24,N20,"9,1",
828,R3,11/11/24,P4,"4,6",
819,R3,11/11/24,P8,"7,2",
083C,R3,11/11/24,P12,"7,5",
082A,R3,11/11/24,P16,"4,7",
868,R3,11/11/24,P20,"3,7",
825,R3,11/11/24,O2,"3,8",
808,R3,11/11/24,O6,"4,1",
838,R3,11/11/24,O10,"5,8",
802,R3,11/11/24,O14,"7,3",
823,R3,11/11/24,O18,"6,5",
083E,R3,11/11/24,Q2,"8,4",
084A,R3,11/11/24,Q6,"6,7",
818,R3,11/11/24,Q10,"1,3",
849,R3,11/11/24,Q14,"3,6",
856,R3,11/11/24,Q18,"2,9",
812,R3,11/11/24,R4,"8,6",
861,R3,11/11/24,R8,"4,4",
810,R3,11/11/24,R12,"9,8",
837,R3,11/11/24,R16,"3,9",
815,R3,11/11/24,R20,"5,3",
083F,R3,11/11/24,S6,"8,1",
082B,R3,11/11/24,S10,"9,1",
843,R3,11/11/24,S14,"5,2",
875,R3,11/11/24,S18,"7,2",
085D,R3,11/11/24,U2,"9,8",
085A,R3,11/11/24,T4,"9,2",
807,R3,11/11/24,T8,"1,9",
080B,R3,11/11/24,T12,"5,2",
083B,R3,11/11/24,T16,"6,6",
086D,R3,11/11/24,T20,"1,8",
805,R3,11/11/24,U6,"9,5",
081C,R3,11/11/24,U10,"5,6",
804,R3,11/11/24,U14,"6,1",
086F,R3,11/11/24,U18,"10,0",
817,R3,11/11/24,S2,"6,8",
086E,R4,21/11/24,B5,"7,2",
084F,R4,21/11/24,B9,"5,3",
084E,R4,21/11/24,B13,"8,8",
085C,R4,21/11/24,B17,"8,4",
863,R4,21/11/24,B1,"5,6",
877,R4,21/11/24,D5,"4,2",
834,R4,21/11/24,D9,"7,7",
821,R4,21/11/24,D13,"5,3",
082C,R4,21/11/24,D17,"5,5",
851,R4,21/11/24,D1,"6,3",
082F,R4,21/11/24,C3,"8,6",
084D,R4,21/11/24,C7,"5,5",
871,R4,21/11/24,C11,"8,1",
850,R4,21/11/24,C15,"2,4",
878,R4,21/11/24,C19,"6,6",
860,R4,21/11/24,E7,"1,5",
086B,R4,21/11/24,E11,"1,2",
084C,R4,21/11/24,E15,"1,7",
801,R4,21/11/24,E19,"4,7",
853,R4,21/11/24,F1,"7,3",
833,R4,21/11/24,E3,"3,8",
845,R4,21/11/24,F5,"5,6",
086C,R4,21/11/24,F9,"9,1",
839,R4,21/11/24,F13,"6,3",
085E,R4,21/11/24,F17,"9,9",
811,R4,21/11/24,G3,"2,9",
085B,R4,21/11/24,G7,"2,2",
832,R4,21/11/24,G11,"4,4",
831,R4,21/11/24,G15,"1,4",
869,R4,21/11/24,G19,"2,3",
080D,R4,21/11/24,H5,"1,5",
826,R4,21/11/24,H9,"2,8",
080E,R4,21/11/24,H13,"6,2",
841,R4,21/11/24,H17,"4,6",
865,R4,21/11/24,H1,"6,4",
844,R4,21/11/24,J5,"2,2",
809,R4,21/11/24,J9,"6,7",
082D,R4,21/11/24,J13,"3,3",
830,R4,21/11/24,J17,"3,3",
827,R4,21/11/24,J1,"8,2",
874,R4,21/11/24,I3,"6,4",
829,R4,21/11/24,I7,"3,7",
864,R4,21/11/24,I11,"4,8",
854,R4,21/11/24,I15,"5,4",
082E,R4,21/11/24,I19,"4,4",
866,R4,21/11/24,K7,"2,4",
876,R4,21/11/24,K11,"5,3",
847,R4,21/11/24,K15,"2,4",
083A,R4,21/11/24,K19,"3,2",
873,R4,22/11/24,M1,"6,3",
842,R4,21/11/24,K3,"7,7",
855,R4,22/11/24,L5,"4,2",
835,R4,22/11/24,L9,"9,4",
848,R4,22/11/24,L13,"9,3",
080A,R4,22/11/24,L17,"7,4",
852,R4,22/11/24,M3,"4,4",
086A,R4,22/11/24,M7,"6,2",
840,R4,22/11/24,M11,"4,8",
822,R4,22/11/24,M15,"3,7",
081A,R4,22/11/24,M19,"3,3",
858,R4,22/11/24,N5,"7,3",
081D,R4,22/11/24,N9,"8,2",
083D,R4,22/11/24,N13,"6,5",
870,R4,22/11/24,N17,"5,3",
859,R4,22/11/24,N1,"6,3",
828,R4,22/11/24,P5,"2,7",
819,R4,22/11/24,P9,"5,3",
083C,R4,22/11/24,O13,"5,2",
082A,R4,22/11/24,P17,"8,2",
868,R4,22/11/24,P1,"9,2",
825,R4,22/11/24,O3,"6,3",
808,R4,22/11/24,O7,"1,1",
838,R4,22/11/24,O11,"3,7",
802,R4,22/11/24,O15,"4,1",
823,R4,22/11/24,O19,"5,6",
083E,R4,22/11/24,Q3,"5,5",
084A,R4,22/11/24,Q7,"2,2",
818,R4,22/11/24,Q11,"5,4",
849,R4,22/11/24,Q15,"2,5",
856,R4,22/11/24,Q19,"1,2",
812,R4,22/11/24,R5,"9,1",
861,R4,22/11/24,R9,"1,3",
810,R4,22/11/24,R13,"8,2",
837,R4,22/11/24,R17,"2,3",
815,R4,22/11/24,R1,"5,5",
083F,R4,22/11/24,S7,"8,4",
082B,R4,22/11/24,S11,"1,2",
843,R4,22/11/24,S15,"5,2",
875,R4,22/11/24,S19,"6,3",
085D,R4,22/11/24,U3,"9,4",
085A,R4,22/11/24,T5,"8,3",
807,R4,22/11/24,T9,"1,9",
080B,R4,22/11/24,T13,"8,6",
083B,R4,22/11/24,T17,"9,1",
086D,R4,22/11/24,T1,"9,1",
805,R4,22/11/24,U7,"6,6",
081C,R4,22/11/24,U11,"5,2",
804,R4,22/11/24,U15,"5,4",
086F,R4,22/11/24,U19,"3,7",
817,R4,22/11/24,S3,"6,2",
086E,R5,04/12/24,B6,"7,7",
084F,R5,04/12/24,B10,"7,5",
084E,R5,04/12/24,B14,"6,0",
085C,R5,04/12/24,B18,"5,7",
863,R5,04/12/24,B2,"5,8",
877,R5,04/12/24,D6,"0,6",
834,R5,04/12/24,D10,"9,5",
821,R5,04/12/24,D14,"5,2",
082C,R5,04/12/24,D18,"3,5",
851,R5,04/12/24,D2,"4,1",
082F,R5,04/12/24,C4,"2,9",
084D,R5,04/12/24,C8,"3,3",
871,R5,04/12/24,C12,"2,8",
850,R5,04/12/24,C16,"4,2",
878,R5,04/12/24,C20,"9,8",
860,R5,04/12/24,E8,"3,0",
086B,R5,04/12/24,E12,"0,2",
084C,R5,04/12/24,E16,"2,5",
801,R5,04/12/24,E20,"7,7",
853,R5,04/12/24,F2,"3,6",
833,R5,04/12/24,E4,"5,6",
845,R5,04/12/24,F6,"5,9",
086C,R5,04/12/24,F10,"2,4",
839,R5,04/12/24,F14,"2,2",
085E,R5,04/12/24,F18,"8,3",
811,R5,04/12/24,G4,"7,6",
085B,R5,04/12/24,G8,"1,5",
832,R5,04/12/24,G12,"1,3",
831,R5,04/12/24,G16,"3,5",
869,R5,04/12/24,G20,"8,6",
080D,R5,04/12/24,H6,"2,3",
826,R5,04/12/24,H10,"1,1",
080E,R5,04/12/24,H14,"8,3",
841,R5,04/12/24,H18,"1,5",
865,R5,04/12/24,H20,"4,5",
844,R5,04/12/24,J6,"5,5",
809,R5,04/12/24,J10,"4,4",
082D,R5,04/12/24,J14,"5,6",
830,R5,04/12/24,J18,"6,6",
827,R5,04/12/24,J20,"9,3",
874,R5,04/12/24,I4,"0,3",
829,R5,04/12/24,I8,"7,8",
864,R5,04/12/24,I12,"9,4",
854,R5,04/12/24,I16,"2,2",
082E,R5,04/12/24,I20,"3,4",
866,R5,04/12/24,K8,"4,7",
876,R5,04/12/24,K12,"4,1",
847,R5,04/12/24,K16,"2,7",
083A,R5,04/12/24,K29,"0,6",
873,R5,04/12/24,L2,"3,3",
842,R5,04/12/24,K4,"10,1",
855,R5,04/12/24,L6,"3,4",
835,R5,04/12/24,L10,"3,5",
848,R5,04/12/24,L14,"4,5",
080A,R5,04/12/24,L18,"3,1",
852,R5,04/12/24,M3,"5,6",
086A,R5,04/12/24,M8,"5,8",
840,R5,04/12/24,M12,"3,6",
822,R5,04/12/24,M16,"2,5",
081A,R5,04/12/24,M20,"8,2",
858,R5,04/12/24,N6,"4,2",
081D,R5,04/12/24,N10,"5,4",
083D,R5,04/12/24,N14,"6,1",
870,R5,04/12/24,N18,"4,3",
859,R5,04/12/24,N2,"2,9",
828,R5,04/12/24,P6,"1,1",
819,R5,04/12/24,P10,"7,7",
083C,R5,04/12/24,P14,"2,2",
082A,R5,04/12/24,P18,"2,1",
868,R5,04/12/24,P2,"4,1",
825,R5,04/12/24,O4,"4,3",
808,R5,04/12/24,O8,"8,2",
838,R5,04/12/24,O12,"5,8",
802,R5,04/12/24,O16,"3,2",
823,R5,04/12/24,O20,"6,4",
083E,R5,04/12/24,Q4,"9,2",
084A,R5,04/12/24,Q8,"8,1",
818,R5,04/12/24,Q12,"5,1",
849,R5,04/12/24,Q16,"7,6",
856,R5,04/12/24,Q20,"1,1",
812,R5,04/12/24,R6,"9,1",
861,R5,04/12/24,R10,"1,1",
810,R5,04/12/24,R14,"3,2",
837,R5,04/12/24,R18,"6,3",
815,R5,04/12/24,R2,"6,3",
083F,R5,04/12/24,S8,"6,4",
082B,R5,04/12/24,S12,"7,8",
843,R5,04/12/24,S16,"5,2",
875,R5,04/12/24,S20,"1,5",
085D,R5,04/12/24,U4,"3,2",
085A,R5,04/12/24,T6,"9,2",
807,R5,04/12/24,T10,"6,5",
080B,R5,04/12/24,T14,"2,3",
083B,R5,04/12/24,T18,"4,3",
086D,R5,04/12/24,T2,"5,1",
805,R5,04/12/24,U8,"5,2",
081C,R5,04/12/24,U12,"1,3",
804,R5,04/12/24,U16,"1,1",
086F,R5,04/12/24,U20,"3,3",
817,R5,04/12/24,S4,"9,7",
086E,R6,30/12/24,C5,"3,3",
084F,R6,30/12/24,C9,"8,9",
084E,R6,30/12/24,C13,"7,1",
085C,R6,30/12/24,C17,"2,5",
863,R6,30/12/24,C1,"5,4",
877,R6,30/12/24,E5,"8,1",
834,R6,30/12/24,E9,"2,9",
821,R6,30/12/24,E13,"1,6",
082C,R6,30/12/24,E17,"9,9",
851,R6,30/12/24,E1,"6,4",
082F,R6,30/12/24,B3,"5,8",
084D,R6,30/12/24,B7,"5,7",
871,R6,30/12/24,B11,"2,6",
850,R6,30/12/24,B15,"6,8",
878,R6,30/12/24,B19,"8,6",
860,R6,30/12/24,D7,"5,1",
086B,R6,30/12/24,D11,"9,8",
084C,R6,30/12/24,D15,"2,6",
801,R6,30/12/24,D19,"7,6",
853,R6,30/12/24,G1,"9,4",
833,R6,30/12/24,D3,"5,6",
845,R6,30/12/24,G5,"3,2",
086C,R6,30/12/24,G9,"6,2",
839,R6,30/12/24,G13,"8,3",
085E,R6,30/12/24,G17,"6,4",
811,R6,30/12/24,F3,"5,7",
085B,R6,30/12/24,F7,"2,9",
832,R6,30/12/24,F11,"8,3",
831,R6,30/12/24,F15,"3,2",
869,R6,30/12/24,F19,"8,2",
080D,R6,30/12/24,I5,"8,2",
826,R6,30/12/24,I9,"4,1",
080E,R6,30/12/24,I13,"2,6",
841,R6,30/12/24,I17,"9,9",
865,R6,30/12/24,I1,"3,9",
844,R6,30/12/24,K5,"9,9",
809,R6,30/12/24,K9,"3,3",
082D,R6,30/12/24,K13,"9,3",
830,R6,30/12/24,K17,"2,9",
827,R6,30/12/24,K1,"4,9",
874,R6,30/12/24,H3,"1,4",
829,R6,30/12/24,H7,"4,4",
864,R6,30/12/24,H11,"3,9",
854,R6,30/12/24,H15,"4,7",
082E,R6,30/12/24,H19,"6,6",
866,R6,30/12/24,J7,"9,5",
876,R6,30/12/24,J11,"2,5",
847,R6,30/12/24,J15,"6,5",
083A,R6,30/12/24,J19,"9,9",
873,R6,30/12/24,M1,"2,3",
842,R6,30/12/24,J3,"6,8",
855,R6,30/12/24,M5,"7,1",
835,R6,30/12/24,M9,"2,3",
848,R6,30/12/24,M13,"2,7",
080A,R6,30/12/24,M17,"7,8",
852,R6,30/12/24,L3,"4,9",
086A,R6,30/12/24,L7,"7,8",
840,R6,30/12/24,L11,"2,1",
822,R6,30/12/24,L15,"3,7",
081A,R6,30/12/24,L19,"1,9",
858,R6,30/12/24,O5,"3,6",
081D,R6,30/12/24,O9,"7,2",
083D,R6,30/12/24,O13,"9,9",
870,R6,30/12/24,O17,"2,6",
859,R6,30/12/24,O1,"8,4",
828,R6,30/12/24,Q5,"6,9",
819,R6,30/12/24,Q9,"3,2",
083C,R6,30/12/24,Q13,"7,8",
082A,R6,30/12/24,Q17,"9,3",
868,R6,30/12/24,Q1,"2,8",
825,R6,30/12/24,N3,"9,1",
808,R6,30/12/24,N7,"3,8",
838,R6,30/12/24,N11,"4,1",
802,R6,30/12/24,N15,"8,9",
823,R6,30/12/24,N19,"8,7",
083E,R6,30/12/24,P3,"8,8",
084A,R6,30/12/24,P7,"7,6",
818,R6,30/12/24,P11,"5,2",
849,R6,30/12/24,P15,"2,6",
856,R6,30/12/24,P19,"9,2",
812,R6,30/12/24,S5,"5,7",
861,R6,30/12/24,S9,"4,4",
810,R6,30/12/24,S13,"1,6",
837,R6,30/12/24,S17,"6,5",
815,R6,30/12/24,S1,"8,5",
083F,R6,30/12/24,R7,"7,9",
082B,R6,30/12/24,R11,"3,4",
843,R6,30/12/24,R15,"8,9",
875,R6,30/12/24,R19,"4,5",
085D,R6,30/12/24,T3,"5,6",
085A,R6,30/12/24,U5,"9,6",
807,R6,30/12/24,U9,"1,2",
080B,R6,30/12/24,U13,"6,4",
083B,R6,30/12/24,U17,"6,2",
086D,R6,30/12/24,U1,"1,2",
805,R6,30/12/24,T7,"4,7",
081C,R6,30/12/24,T11,"9,6",
804,R6,30/12/24,T15,"8,7",
086F,R6,30/12/24,T19,"1,1",
817,R6,30/12/24,R3,"6,1",
086E,R7,10/01/25,C6,"7,6",
084F,R7,10/01/25,C10,"2,7",
084E,R7,10/01/25,C14,"8,3",
085C,R7,10/01/25,C18,"6,9",
863,R7,10/01/25,C2,"5,9",
877,R7,10/01/25,E6,"8,3",
834,R7,10/01/25,E10,"4,5",
821,R7,10/01/25,E14,"2,6",
082C,R7,10/01/25,E18,"8,2",
851,R7,10/01/25,E2,"7,1",
082F,R7,10/01/25,B4,"8,7",
084D,R7,10/01/25,B8,"9,8",
871,R7,10/01/25,B12,"4,1",
850,R7,10/01/25,B16,"7,8",
878,R7,10/01/25,B20,"4,9",
860,R7,10/01/25,D8,"2,1",
086B,R7,10/01/25,D12,"6,9",
084C,R7,10/01/25,D16,"1,6",
801,R7,10/01/25,D20,"2,4",
853,R7,10/01/25,G2,"6,4",
833,R7,10/01/25,D4,"2,1",
845,R7,10/01/25,G6,"3,7",
086C,R7,10/01/25,G10,"4,5",
839,R7,10/01/25,G14,"5,6",
085E,R7,10/01/25,G18,"7,1",
811,R7,10/01/25,F4,"3,1",
085B,R7,10/01/25,F8,"5,6",
832,R7,10/01/25,F12,"7,2",
831,R7,10/01/25,F16,"8,8",
869,R7,10/01/25,F20,"7,6",
080D,R7,10/01/25,I6,"1,1",
826,R7,10/01/25,I10,"5,1",
080E,R7,10/01/25,I14,"5,3",
841,R7,10/01/25,I18,"6,3",
865,R7,10/01/25,I2,"3,3",
844,R7,10/01/25,K6,"4,1",
809,R7,10/01/25,K10,"2,3",
082D,R7,10/01/25,K14,"3,8",
830,R7,10/01/25,K18,"5,2",
827,R7,10/01/25,K2,"4,3",
874,R7,10/01/25,H4,"7,1",
829,R7,10/01/25,H8,"4,1",
864,R7,10/01/25,H12,"6,8",
854,R7,10/01/25,H16,"8,7",
082E,R7,10/01/25,H20,"9,6",
866,R7,10/01/25,J8,"1,7",
876,R7,10/01/25,J12,"6,9",
847,R7,10/01/25,J16,"1,8",
083A,R7,10/01/25,J20,"7,2",
873,R7,10/01/25,M20,"3,4",
842,R7,10/01/25,J4,"6,9",
855,R7,10/01/25,M6,"8,5",
835,R7,10/01/25,M10,"9,8",
848,R7,10/01/25,M14,"6,7",
080A,R7,10/01/25,M18,"8,1",
852,R7,10/01/25,L4,"6,4",
086A,R7,10/01/25,L8,"6,4",
840,R7,10/01/25,L12,"8,4",
822,R7,10/01/25,L16,"1,9",
081A,R7,10/01/25,L20,"2,5",
858,R7,10/01/25,O6,"2,1",
081D,R7,10/01/25,O10,"5,1",
083D,R7,10/01/25,O14,"9,9",
870,R7,10/01/25,O18,"7,3",
859,R7,10/01/25,O2,"4,6",
828,R7,10/01/25,Q6,"3,5",
819,R7,10/01/25,Q10,"1,8",
083C,R7,10/01/25,Q14,"9,1",
082A,R7,10/01/25,Q18,"6,6",
868,R7,10/01/25,Q2,"9,8",
825,R7,10/01/25,N4,"4,8",
808,R7,10/01/25,N8,"4,9",
838,R7,10/01/25,N12,"8,3",
802,R7,10/01/25,N16,"1,4",
823,R7,10/01/25,N20,"9,7",
083E,R7,10/01/25,P4,"5,9",
084A,R7,10/01/25,P8,"4,8",
818,R7,10/01/25,P12,"2,5",
849,R7,10/01/25,P16,"6,5",
856,R7,10/01/25,P20,"2,6",
812,R7,10/01/25,S6,"3,2",
861,R7,10/01/25,S10,"7,3",
810,R7,10/01/25,S14,"2,9",
837,R7,10/01/25,S18,"7,9",
815,R7,10/01/25,S20,"1,3",
083F,R7,10/01/25,R8,"1,9",
082B,R7,10/01/25,R12,"6,8",
843,R7,10/01/25,R16,"7,4",
875,R7,10/01/25,R20,"2,6",
085D,R7,10/01/25,T4,"8,1",
085A,R7,10/01/25,U6,"9,4",
807,R7,10/01/25,U10,"4,8",
080B,R7,10/01/25,U14,"9,7",
083B,R7,10/01/25,U18,"3,4",
086D,R7,10/01/25,U2,"8,5",
805,R7,10/01/25,T8,"1,3",
081C,R7,10/01/25,T12,"5,1",
804,R7,10/01/25,T16,"2,5",
086F,R7,10/01/25,T20,"5,3",
817,R7,10/01/25,R4,"4,1",
086E,R8,24/01/25,C7,"2,6",
084F,R8,24/01/25,C11,"2,6",
084E,R8,24/01/25,C15,"1,9",
085C,R8,24/01/25,C19,"1,1",
863,R8,24/01/25,C3,"2,4",
877,R8,24/01/25,E7,"5,2",
834,R8,24/01/25,E11,"5,2",
821,R8,24/01/25,E15,"4,9",
082C,R8,24/01/25,E19,"7,6",
851,R8,24/01/25,E3,"3,4",
082F,R8,24/01/25,B5,"9,2",
084D,R8,24/01/25,B9,"9,2",
871,R8,24/01/25,B13,"7,6",
850,R8,24/01/25,B17,"6,2",
878,R8,24/01/25,B1,"2,8",
860,R8,24/01/25,D9,"3,4",
086B,R8,24/01/25,D13,"8,6",
084C,R8,24/01/25,D17,"3,5",
801,R8,24/01/25,D1,"7,8",
853,R8,24/01/25,G3,"4,9",
833,R8,24/01/25,D5,"3,4",
845,R8,24/01/25,G7,"6,4",
086C,R8,24/01/25,G11,"6,4",
839,R8,24/01/25,G15,"9,1",
085E,R8,24/01/25,G19,"9,1",
811,R8,24/01/25,F5,"3,9",
085B,R8,24/01/25,F9,"3,9",
832,R8,24/01/25,F13,"1,3",
831,R8,24/01/25,F17,"5,5",
869,R8,24/01/25,F1,"3,3",
080D,R8,24/01/25,I7,"4,8",
826,R8,24/01/25,I11,"4,8",
080E,R8,24/01/25,I15,"2,8",
841,R8,24/01/25,I19,"5,6",
865,R8,24/01/25,I3,"9,8",
844,R8,24/01/25,K7,"7,1",
809,R8,24/01/25,K11,"7,1",
082D,R8,24/01/25,K15,"3,1",
830,R8,24/01/25,K19,"9,8",
827,R8,24/01/25,K3,"1,5",
874,R8,24/01/25,H5,"2,1",
829,R8,24/01/25,H9,"2,1",
864,R8,24/01/25,H13,"2,9",
854,R8,24/01/25,H17,"3,4",
082E,R8,24/01/25,H1,"6,1",
866,R8,24/01/25,J9,"9,5",
876,R8,24/01/25,J13,"4,3",
847,R8,24/01/25,J17,"7,2",
083A,R8,24/01/25,J1,"5,6",
873,R8,24/01/25,M3,"4,2",
842,R8,24/01/25,J5,"9,5",
855,R8,24/01/25,M7,"7,4",
835,R8,24/01/25,M11,"7,4",
848,R8,24/01/25,M15,"1,4",
080A,R8,24/01/25,M19,"2,4",
852,R8,24/01/25,L5,"5,6",
086A,R8,24/01/25,L9,"5,6",
840,R8,24/01/25,L13,"5,6",
822,R8,24/01/25,L17,"2,7",
081A,R8,24/01/25,L1,"2,5",
858,R8,24/01/25,O7,"3,8",
081D,R8,24/01/25,O11,"3,8",
083D,R8,24/01/25,O15,"3,2",
870,R8,24/01/25,O19,"7,2",
859,R8,24/01/25,O3,"9,9",
828,R8,24/01/25,Q7,"3,4",
819,R8,24/01/25,Q11,"3,4",
083C,R8,24/01/25,Q15,"6,3",
082A,R8,24/01/25,Q19,"5,4",
868,R8,24/01/25,Q3,"7,6",
825,R8,24/01/25,N5,"7,5",
808,R8,24/01/25,N9,"7,5",
838,R8,24/01/25,N13,"5,3",
802,R8,24/01/25,N17,"1,6",
823,R8,24/01/25,N1,"3,5",
083E,R8,24/01/25,P5,"2,9",
084A,R8,24/01/25,P9,"2,9",
818,R8,24/01/25,P13,"7,1",
849,R8,24/01/25,P17,"8,5",
856,R8,24/01/25,P1,"3,1",
812,R8,24/01/25,S7,"4,7",
861,R8,24/01/25,S11,"4,7",
810,R8,24/01/25,S15,"8,4",
837,R8,24/01/25,S19,"7,9",
815,R8,24/01/25,S3,"3,9",
083F,R8,24/01/25,R9,"2,8",
082B,R8,24/01/25,R13,"1,2",
843,R8,24/01/25,R17,"2,1",
875,R8,24/01/25,R1,"2,3",
085D,R8,24/01/25,T5,"8,1",
085A,R8,24/01/25,U7,"8,2",
807,R8,24/01/25,U11,"8,2",
080B,R8,24/01/25,U15,"9,6",
083B,R8,24/01/25,U19,"7,6",
086D,R8,24/01/25,U3,"4,4",
805,R8,24/01/25,T9,"8,1",
081C,R8,24/01/25,T13,"4,1",
804,R8,24/01/25,T17,"5,6",
086F,R8,24/01/25,T1,"2,1",
817,R8,24/01/25,R5,"2,8",
086E,R9,06/02/25,C8,"8,4",
084F,R9,06/02/25,C12,"6,5",
084E,R9,06/02/25,C16,"8,4",
085C,R9,06/02/25,C20,"2,6",
863,R9,06/02/25,C4,"7,9",
877,R9,06/02/25,E8,"2,6",
834,R9,06/02/25,E12,"7,3",
821,R9,06/02/25,E16,"4,3",
082C,R9,06/02/25,E20,"5,9",
851,R9,06/02/25,E4,"2,3",
082F,R9,06/02/25,B6,"4,1",
084D,R9,06/02/25,B10,"5,1",
871,R9,06/02/25,B14,"1,9",
850,R9,06/02/25,B18,"3,7",
878,R9,06/02/25,B20,"4,7",
860,R9,06/02/25,D10,"7,9",
086B,R9,06/02/25,D14,"6,1",
084C,R9,06/02/25,D18,"7,8",
801,R9,06/02/25,D20,"2,9",
853,R9,06/02/25,G4,"6,8",
833,R9,06/02/25,D6,"5,6",
845,R9,06/02/25,G8,"9,7",
086C,R9,06/02/25,G12,"9,1",
839,R9,06/02/25,G16,"8,5",
085E,R9,06/02/25,G20,"7,6",
811,R9,06/02/25,F6,"8,2",
085B,R9,06/02/25,F10,"3,8",
832,R9,06/02/25,F14,"9,2",
831,R9,06/02/25,F18,"3,4",
869,R9,06/02/25,F20,"1,3",
080D,R9,06/02/25,I8,"3,5",
826,R9,06/02/25,I12,"2,8",
080E,R9,06/02/25,I16,"3,6",
841,R9,06/02/25,I20,"1,5",
865,R9,06/02/25,I4,"5,4",
844,R9,06/02/25,K8,"1,4",
809,R9,06/02/25,K12,"4,6",
082D,R9,06/02/25,K16,"7,5",
830,R9,06/02/25,K20,"9,3",
827,R9,06/02/25,K4,"9,1",
874,R9,06/02/25,H6,"3,7",
829,R9,06/02/25,H10,"6,2",
864,R9,06/02/25,H14,"2,8",
854,R9,06/02/25,H18,"4,9",
082E,R9,06/02/25,H20,"8,5",
866,R9,06/02/25,J10,"4,5",
876,R9,06/02/25,J14,"9,1",
847,R9,06/02/25,J18,"5,2",
083A,R9,06/02/25,J2,"6,2",
873,R9,06/02/25,M4,"7,3",
842,R9,06/02/25,J6,"9,5",
855,R9,06/02/25,M8,"6,8",
835,R9,06/02/25,M12,"5,7",
848,R9,06/02/25,M16,"6,4",
080A,R9,06/02/25,M20,"8,2",
852,R9,06/02/25,L6,"1,8",
086A,R9,06/02/25,L10,"9,3",
840,R9,06/02/25,L14,"8,7",
822,R9,06/02/25,L18,"1,7",
081A,R9,06/02/25,L2,"7,1",
858,R9,06/02/25,O8,"7,2",
081D,R9,06/02/25,O12,"3,2",
083D,R9,06/02/25,O16,"5,9",
870,R9,06/02/25,O20,"4,7",
859,R9,06/02/25,O4,"8,6",
828,R9,06/02/25,Q8,"5,9",
819,R9,06/02/25,Q12,"9,8",
083C,R9,06/02/25,Q16,"7,1",
082A,R9,06/02/25,Q20,"5,6",
868,R9,06/02/25,Q4,"4,2",
825,R9,06/02/25,N6,"6,4",
808,R9,06/02/25,N10,"1,7",
838,R9,06/02/25,N14,"3,2",
802,R9,06/02/25,N18,"8,3",
823,R9,06/02/25,N2,"3,6",
083E,R9,06/02/25,P6,"2,5",
084A,R9,06/02/25,P10,"8,6",
818,R9,06/02/25,P14,"4,6",
849,R9,06/02/25,P18,"9,4",
856,R9,06/02/25,P2,"9,4",
812,R9,06/02/25,S8,"4,3",
861,R9,06/02/25,S12,"6,1",
810,R9,06/02/25,S16,"9,5",
837,R9,06/02/25,S20,"2,9",
815,R9,06/02/25,S4,"3,9",
083F,R9,06/02/25,R10,"2,9",
082B,R9,06/02/25,R14,"2,8",
843,R9,06/02/25,R18,"6,5",
875,R9,06/02/25,R2,"5,8",
085D,R9,06/02/25,T6,"9,6",
085A,R9,06/02/25,U8,"8,1",
807,R9,06/02/25,U12,"7,4",
080B,R9,06/02/25,U16,"6,7",
083B,R9,06/02/25,U20,"3,8",
086D,R9,06/02/25,U4,"1,5",
805,R9,06/02/25,T10,"5,3",
081C,R9,06/02/25,T14,"1,3",
804,R9,06/02/25,T18,"7,1",
086F,R9,06/02/25,T2,"2,7",
817,R9,06/02/25,R6,"7,3",
086E,R10,19/02/25,C9,"9,7",
084F,R10,19/02/25,C13,"7,7",
084E,R10,19/02/25,C17,"5,9",
085C,R10,19/02/25,C1,"1,2",
863,R10,19/02/25,C5,"6,3",
877,R10,19/02/25,E8,"2,4",
834,R10,19/02/25,E13,"3,9",
821,R10,19/02/25,E17,"8,9",
082C,R10,19/02/25,E1,"5,8",
851,R10,19/02/25,E5,"7,9",
082F,R10,19/02/25,B7,"1,5",
084D,R10,19/02/25,B11,"6,2",
871,R10,19/02/25,B15,"3,7",
850,R10,19/02/25,B19,"2,2",
878,R10,19/02/25,B3,"9,7",
860,R10,19/02/25,D11,"6,4",
086B,R10,19/02/25,D15,"7,5",
084C,R10,19/02/25,D19,"6,4",
801,R10,19/02/25,D3,"4,7",
853,R10,19/02/25,G5,"7,9",
833,R10,19/02/25,D7,"5,2",
845,R10,19/02/25,G9,"3,7",
086C,R10,19/02/25,G13,"5,9",
839,R10,19/02/25,G17,"7,3",
085E,R10,19/02/25,G1,"9,4",
811,R10,19/02/25,F7,"8,3",
085B,R10,19/02/25,F11,"3,3",
832,R10,19/02/25,F15,"3,5",
831,R10,19/02/25,F19,"5,5",
869,R10,19/02/25,F3,"7,3",
080D,R10,19/02/25,I9,"1,1",
826,R10,19/02/25,I13,"8,4",
080E,R10,19/02/25,I17,"6,6",
841,R10,19/02/25,I1,"6,8",
865,R10,19/02/25,I5,"1,2",
844,R10,19/02/25,K9,"2,5",
809,R10,19/02/25,K13,"7,4",
082D,R10,19/02/25,K17,"3,2",
830,R10,19/02/25,K1,"4,9",
827,R10,19/02/25,K5,"1,6",
874,R10,19/02/25,H7,"6,9",
829,R10,19/02/25,H11,"4,1",
864,R10,19/02/25,H15,"7,9",
854,R10,19/02/25,H19,"7,1",
082E,R10,19/02/25,H3,"9,5",
866,R10,19/02/25,J11,"6,2",
876,R10,19/02/25,J15,"6,3",
847,R10,19/02/25,J19,"6,7",
083A,R10,19/02/25,J3,"4,8",
873,R10,19/02/25,M5,"2,6",
842,R10,19/02/25,J7,"8,5",
855,R10,19/02/25,M9,"9,9",
835,R10,19/02/25,M13,"6,3",
848,R10,19/02/25,M17,"7,3",
080A,R10,19/02/25,M1,"5,4",
852,R10,19/02/25,L7,"7,1",
086A,R10,19/02/25,L11,"7,8",
840,R10,19/02/25,L15,"2,9",
822,R10,19/02/25,L19,"3,4",
081A,R10,19/02/25,L3,"7,6",
858,R10,19/02/25,O9,"5,3",
081D,R10,19/02/25,O13,"4,2",
083D,R10,19/02/25,O17,"3,6",
870,R10,19/02/25,O1,"8,1",
859,R10,19/02/25,O5,"8,2",
828,R10,19/02/25,Q9,"8,5",
819,R10,19/02/25,Q13,"7,6",
083C,R10,19/02/25,Q17,"3,7",
082A,R10,19/02/25,Q1,"1,9",
868,R10,19/02/25,Q5,"2,6",
825,R10,19/02/25,N7,"1,7",
808,R10,19/02/25,N11,"2,6",
838,R10,19/02/25,N15,"5,8",
802,R10,19/02/25,N19,"9,8",
823,R10,19/02/25,N3,"6,4",
083E,R10,19/02/25,P7,"8,2",
084A,R10,19/02/25,P11,"2,1",
818,R10,19/02/25,P15,"1,2",
849,R10,19/02/25,P19,"5,4",
856,R10,19/02/25,P3,"1,1",
812,R10,19/02/25,S9,"6,3",
861,R10,19/02/25,S13,"3,6",
810,R10,19/02/25,S17,"8,4",
837,R10,19/02/25,S1,"3,2",
815,R10,19/02/25,S5,"8,4",
083F,R10,19/02/25,R11,"3,1",
082B,R10,19/02/25,R15,"3,8",
843,R10,19/02/25,R19,"2,3",
875,R10,19/02/25,R3,"7,6",
085D,R10,19/02/25,T7,"6,3",
085A,R10,19/02/25,U9,"1,5",
807,R10,19/02/25,U13,"1,9",
080B,R10,19/02/25,U17,"9,4",
083B,R10,19/02/25,U1,"2,5",
086D,R10,19/02/25,U5,"4,9",
805,R10,19/02/25,T11,"2,5",
081C,R10,19/02/25,T15,"1,1",
804,R10,19/02/25,T19,"9,8",
086F,R10,19/02/25,T3,"3,5",
817,R10,19/02/25,R7,"3,9",
086E,R11,11/03/25,C10,"9,4",
084F,R11,11/03/25,C14,"5,2",
084E,R11,11/03/25,C18,"8,4",
085C,R11,11/03/25,C2,"6,7",
863,R11,11/03/25,C6,"3,9",
877,R11,11/03/25,E10,"1,2",
834,R11,11/03/25,E14,"7,1",
821,R11,11/03/25,E18,"4,6",
082C,R11,11/03/25,E2,"8,5",
851,R11,11/03/25,E6,"7,9",
082F,R11,11/03/25,A8,"5,5",
084D,R11,11/03/25,A12,"6,5",
871,R11,11/03/25,A16,"3,3",
850,R11,11/03/25,A20,"1,5",
878,R11,11/03/25,A4,"2,9",
860,R11,11/03/25,D12,"9,5",
086B,R11,11/03/25,D16,"2,8",
084C,R11,11/03/25,D20,"1,3",
801,R11,11/03/25,D4,"5,2",
853,R11,11/03/25,G6,"3,9",
833,R11,11/03/25,D8,"3,9",
845,R11,11/03/25,G10,"6,6",
086C,R11,11/03/25,G14,"6,4",
839,R11,11/03/25,G18,"5,5",
085E,R11,11/03/25,G2,"6,4",
811,R11,11/03/25,F8,"6,5",
085B,R11,11/03/25,F12,"1,4",
832,R11,11/03/25,F16,"6,4",
831,R11,11/03/25,F20,"7,7",
869,R11,11/03/25,F4,"2,2",
080D,R11,11/03/25,I10,"7,6",
826,R11,11/03/25,I14,"1,4",
080E,R11,11/03/25,I18,"3,5",
841,R11,11/03/25,I2,"2,5",
865,R11,11/03/25,I6,"3,9",
844,R11,11/03/25,K10,"6,3",
809,R11,11/03/25,K14,"9,9",
082D,R11,11/03/25,K18,"8,9",
830,R11,11/03/25,K2,"8,4",
827,R11,11/03/25,K6,"5,8",
874,R11,11/03/25,H8,"3,5",
829,R11,11/03/25,H12,"9,6",
864,R11,11/03/25,H16,"3,1",
854,R11,11/03/25,H20,"2,5",
082E,R11,11/03/25,H4,"4,4",
866,R11,11/03/25,J12,"8,8",
876,R11,11/03/25,J16,"4,7",
847,R11,11/03/25,J20,"4,2",
083A,R11,11/03/25,J4,"2,1",
873,R11,11/03/25,M6,"5,5",
842,R11,11/03/25,J8,"9,1",
855,R11,11/03/25,M10,"4,9",
835,R11,11/03/25,M14,"7,7",
848,R11,11/03/25,M18,"1,7",
080A,R11,11/03/25,M2,"6,6",
852,R11,11/03/25,L8,"6,2",
086A,R11,11/03/25,L12,"4,4",
840,R11,11/03/25,L16,"4,5",
822,R11,11/03/25,L20,"2,2",
081A,R11,11/03/25,L4,"3,7",
858,R11,11/03/25,O10,"6,1",
081D,R11,11/03/25,O14,"2,4",
083D,R11,11/03/25,O18,"5,2",
870,R11,11/03/25,O2,"7,2",
859,R11,11/03/25,O6,"6,9",
828,R11,11/03/25,Q10,"3,8",
819,R11,11/03/25,Q14,"2,8",
083C,R11,11/03/25,Q18,"1,7",
082A,R11,11/03/25,Q2,"6,9",
868,R11,11/03/25,Q6,"4,7",
825,R11,11/03/25,N8,"3,2",
808,R11,11/03/25,N12,"3,8",
838,R11,11/03/25,N16,"9,8",
802,R11,11/03/25,N20,"3,4",
823,R11,11/03/25,N4,"3,6",
083E,R11,11/03/25,P8,"7,2",
084A,R11,11/03/25,P12,"6,1",
818,R11,11/03/25,P16,"9,7",
849,R11,11/03/25,P20,"3,1",
856,R11,11/03/25,P4,"7,3",
812,R11,11/03/25,S10,"3,4",
861,R11,11/03/25,S14,"8,2",
810,R11,11/03/25,S18,"4,5",
837,R11,11/03/25,S2,"6,4",
815,R11,11/03/25,S6,"3,9",
083F,R11,11/03/25,R12,"9,1",
082B,R11,11/03/25,R16,"3,1",
843,R11,11/03/25,R20,"1,3",
875,R11,11/03/25,R4,"4,1",
085D,R11,11/03/25,T8,"6,6",
085A,R11,11/03/25,U10,"7,1",
807,R11,11/03/25,U14,"5,6",
080B,R11,11/03/25,U18,"6,1",
083B,R11,11/03/25,U2,"1,2",
086D,R11,11/03/25,U6,"9,4",
805,R11,11/03/25,T12,"6,3",
081C,R11,11/03/25,T16,"4,1",
804,R11,11/03/25,T20,"1,4",
086F,R11,11/03/25,T4,"7,6",
817,R11,11/03/25,R8,"1,3",
086E,R12,22/04/25,C11,"7,3",
084F,R12,22/04/25,C15,"5,9",
084E,R12,22/04/25,C19,"3,2",
085C,R12,22/04/25,C3,"5,8",
863,R12,22/04/25,C7,"7,7",
877,R12,22/04/25,E11,"7,1",
834,R12,22/04/25,E15,"7,2",
821,R12,22/04/25,E19,"5,2",
082C,R12,22/04/25,E3,"5,1",
851,R12,22/04/25,E7,"3,6",
082F,R12,22/04/25,B9,"3,7",
084D,R12,22/04/25,B13,"9,9",
871,R12,22/04/25,B17,"1,9",
850,R12,22/04/25,B1,"8,6",
878,R12,22/04/25,B5,"6,6",
860,R12,22/04/25,D13,"3,9",
086B,R12,22/04/25,D17,"9,4",
084C,R12,22/04/25,D1,"3,3",
801,R12,22/04/25,D5,"1,3",
853,R12,22/04/25,G7,"9,7",
833,R12,22/04/25,D9,"2,4",
845,R12,22/04/25,G11,"9,1",
086C,R12,22/04/25,G15,"3,9",
839,R12,22/04/25,G19,"5,1",
085E,R12,22/04/25,G3,"1,2",
811,R12,22/04/25,F9,"4,3",
085B,R12,22/04/25,F13,"8,7",
832,R12,22/04/25,F17,"9,9",
831,R12,22/04/25,F1,"2,8",
869,R12,22/04/25,F5,"3,3",
080D,R12,22/04/25,I11,"3,3",
826,R12,22/04/25,I15,"5,3",
080E,R12,22/04/25,I19,"1,5",
841,R12,22/04/25,I3,"2,8",
865,R12,22/04/25,I7,"8,8",
844,R12,22/04/25,K11,"5,3",
809,R12,22/04/25,K15,"9,9",
082D,R12,22/04/25,K19,"7,5",
830,R12,22/04/25,K3,"7,2",
827,R12,22/04/25,K7,"2,8",
874,R12,22/04/25,H9,"2,3",
829,R12,22/04/25,H13,"3,9",
864,R12,22/04/25,H17,"9,1",
854,R12,22/04/25,H1,"6,9",
082E,R12,22/04/25,H5,"2,7",
866,R12,22/04/25,J13,"8,7",
876,R12,22/04/25,J17,"2,4",
847,R12,22/04/25,J1,"5,2",
083A,R12,22/04/25,J5,"9,8",
873,R12,22/04/25,M7,"5,1",
842,R12,22/04/25,J9,"8,4",
855,R12,22/04/25,M11,"1,8",
835,R12,22/04/25,M15,"6,4",
848,R12,22/04/25,M19,"8,2",
080A,R12,22/04/25,M3,"4,1",
852,R12,22/04/25,L9,"2,3",
086A,R12,22/04/25,L13,"3,1",
840,R12,22/04/25,L17,"8,5",
822,R12,22/04/25,L1,"9,2",
081A,R12,22/04/25,L5,"1,4",
858,R12,22/04/25,O11,"9,1",
081D,R12,22/04/25,O15,"9,8",
083D,R12,22/04/25,O19,"2,9",
870,R12,22/04/25,O3,"1,6",
859,R12,22/04/25,O7,"1,2",
828,R12,22/04/25,Q11,"6,4",
819,R12,22/04/25,Q15,"6,9",
083C,R12,22/04/25,Q19,"5,7",
082A,R12,22/04/25,Q3,"9,9",
868,R12,22/04/25,Q7,"6,8",
825,R12,22/04/25,N9,"3,6",
808,R12,22/04/25,N13,"3,7",
838,R12,22/04/25,N17,"3,6",
802,R12,22/04/25,N1,"4,2",
823,R12,22/04/25,N5,"8,4",
083E,R12,22/04/25,P9,"8,1",
084A,R12,22/04/25,P13,"8,9",
818,R12,22/04/25,P17,"8,9",
849,R12,22/04/25,P1,"3,8",
856,R12,22/04/25,P5,"6,3",
812,R12,22/04/25,S11,"4,4",
861,R12,22/04/25,S15,"8,3",
810,R12,22/04/25,S19,"9,5",
837,R12,22/04/25,S3,"4,4",
815,R12,22/04/25,S7,"8,4",
083F,R12,22/04/25,R13,"7,9",
082B,R12,22/04/25,R17,"3,2",
843,R12,22/04/25,R1,"1,7",
875,R12,22/04/25,R5,"4,8",
085D,R12,22/04/25,T9,"7,1",
085A,R12,22/04/25,U11,"3,3",
807,R12,22/04/25,U15,"5,3",
080B,R12,22/04/25,U19,"2,6",
083B,R12,22/04/25,U3,"3,1",
086D,R12,22/04/25,U7,"1,6",
805,R12,22/04/25,T13,"5,5",
081C,R12,22/04/25,T17,"1,6",
804,R12,22/04/25,T1,"7,1",
086F,R12,22/04/25,T5,"4,2",
817,R12,22/04/25,R9,"8,9",
086E,R13,14/05/25,C12,"1,5",
084F,R13,14/05/25,C16,"5,1",
084E,R13,14/05/25,C20,"1,7",
085C,R13,14/05/25,C4,"3,6",
863,R13,14/05/25,C8,"9,9",
877,R13,14/05/25,E12,"5,3",
834,R13,14/05/25,E16,"3,9",
821,R13,14/05/25,E20,"3,6",
082C,R13,14/05/25,E4,"3,7",
851,R13,14/05/25,E8,"7,5",
082F,R13,14/05/25,B10,"9,5",
084D,R13,14/05/25,B14,"5,7",
871,R13,14/05/25,B18,"2,9",
850,R13,14/05/25,B2,"2,5",
878,R13,14/05/25,B6,"2,6",
860,R13,14/05/25,D14,"6,9",
086B,R13,14/05/25,D18,"9,8",
084C,R13,14/05/25,D2,"2,9",
801,R13,14/05/25,D6,"5,3",
853,R13,14/05/25,G8,"5,3",
833,R13,14/05/25,D10,"8,3",
845,R13,14/05/25,G12,"3,3",
086C,R13,14/05/25,G16,"9,1",
839,R13,14/05/25,G20,"5,1",
085E,R13,14/05/25,G4,"3,6",
811,R13,14/05/25,F10,"4,4",
085B,R13,14/05/25,F14,"6,4",
832,R13,14/05/25,F18,"9,1",
831,R13,14/05/25,F2,"4,3",
869,R13,14/05/25,F6,"3,3",
080D,R13,14/05/25,I12,"8,8",
826,R13,14/05/25,I16,"9,7",
080E,R13,14/05/25,I20,"2,8",
841,R13,14/05/25,I4,"8,4",
865,R13,14/05/25,I8,"2,8",
844,R13,14/05/25,K12,"2,8",
809,R13,14/05/25,K16,"1,2",
082D,R13,14/05/25,K20,"3,3",
830,R13,14/05/25,K4,"4,2",
827,R13,14/05/25,K8,"7,3",
874,R13,14/05/25,H10,"8,4",
829,R13,14/05/25,H14,"6,8",
864,R13,14/05/25,H18,"1,2",
854,R13,14/05/25,H2,"9,5",
082E,R13,14/05/25,H6,"6,8",
866,R13,14/05/25,J14,"9,9",
876,R13,14/05/25,J18,"1,6",
847,R13,14/05/25,J2,"4,2",
083A,R13,14/05/25,J6,"6,1",
873,R13,14/05/25,M8,"9,2",
842,R13,14/05/25,J10,"4,4",
855,R13,14/05/25,M12,"5,2",
835,R13,14/05/25,M16,"6,9",
848,R13,14/05/25,M20,"4,3",
080A,R13,14/05/25,M4,"4,1",
852,R13,14/05/25,L10,"7,1",
086A,R13,14/05/25,L14,"1,7",
840,R13,14/05/25,L18,"3,8",
822,R13,14/05/25,L2,"3,4",
081A,R13,14/05/25,L6,"7,7",
858,R13,14/05/25,O12,"9,8",
081D,R13,14/05/25,O16,"2,7",
083D,R13,14/05/25,O20,"8,7",
870,R13,14/05/25,O4,"5,1",
859,R13,14/05/25,O8,"1,4",
828,R13,14/05/25,Q12,"8,4",
819,R13,14/05/25,Q16,"2,3",
083C,R13,14/05/25,Q20,"6,4",
082A,R13,14/05/25,Q4,"1,8",
868,R13,14/05/25,Q8,"2,3",
825,R13,14/05/25,N10,"4,2",
808,R13,14/05/25,N14,"4,5",
838,R13,14/05/25,N18,"6,3",
802,R13,14/05/25,N2,"3,9",
823,R13,14/05/25,N6,"9,8",
083E,R13,14/05/25,P10,"7,1",
084A,R13,14/05/25,P14,"8,9",
818,R13,14/05/25,P18,"8,1",
849,R13,14/05/25,P2,"2,8",
856,R13,14/05/25,P6,"9,4",
812,R13,14/05/25,S12,"8,7",
861,R13,14/05/25,T18,"8,9",was accidently moved to wrong cell. should have been S16 but was actually T18.
810,R13,14/05/25,S20,"1,7",
837,R13,14/05/25,S4,"6,4",
815,R13,14/05/25,S8,"3,1",
083F,R13,14/05/25,R14,"3,6",
082B,R13,14/05/25,R18,"8,9",
843,R13,14/05/25,R2,"9,7",
875,R13,14/05/25,R6,"8,3",
085D,R13,14/05/25,T10,"1,6",
085A,R13,14/05/25,U12,"2,4",
807,R13,14/05/25,U16,"7,1",
080B,R13,14/05/25,U20,"9,9",
083B,R13,14/05/25,U4,"8,2",
086D,R13,14/05/25,U8,"8,5",
805,R13,14/05/25,T14,"3,2",
081C,R13,14/05/25,T17,"1,6",Was meant to be moved to T18 but in confusion it wasn't moved.
804,R13,14/05/25,T2,"6,3",
086F,R13,14/05/25,T6,"7,1",
817,R13,14/05/25,R10,"5,5",
086E,R14,05/06/25,C13,"4,3",
084F,R14,05/06/25,C17,"1,1",
084E,R14,05/06/25,C1,"1,8",
085C,R14,05/06/25,C5,"6,8",
863,R14,05/06/25,C9,"5,4",
877,R14,05/06/25,E13,"4,7",
834,R14,05/06/25,E17,"9,3",
821,R14,05/06/25,E1,"1,5",
082C,R14,05/06/25,E5,"9,7",
851,R14,05/06/25,E9,"4,8",
082F,R14,05/06/25,B11,"3,8",
084D,R14,05/06/25,B15,"7,3",
871,R14,05/06/25,B19,"3,8",
850,R14,05/06/25,B3,"7,9",
878,R14,05/06/25,B7,"3,3",
860,R14,05/06/25,D15,"7,5",
086B,R14,05/06/25,D19,"2,5",
084C,R14,05/06/25,D3,"3,6",
801,R14,05/06/25,D7,"4,9",
853,R14,05/06/25,G9,"9,2",
833,R14,05/06/25,D11,"3,2",
845,R14,05/06/25,G13,"8,7",
086C,R14,05/06/25,G17,"4,8",
839,R14,05/06/25,G1,"6,8",
085E,R14,05/06/25,G5,"3,6",
811,R14,05/06/25,F11,"3,8",
085B,R14,05/06/25,F15,"7,5",
832,R14,05/06/25,F19,"1,9",
831,R14,05/06/25,F3,"8,6",
869,R14,05/06/25,F7,"6,6",
080D,R14,05/06/25,I13,"2,5",
826,R14,05/06/25,I17,"2,3",
080E,R14,05/06/25,I1,"9,8",
841,R14,05/06/25,I5,"1,6",
865,R14,05/06/25,I9,"3,9",
844,R14,05/06/25,K13,"7,4",
809,R14,05/06/25,K17,"7,1",
082D,R14,05/06/25,K1,"6,6",
830,R14,05/06/25,K5,"1,8",
827,R14,05/06/25,K9,"2,7",
874,R14,05/06/25,H11,"5,1",
829,R14,05/06/25,H15,"5,3",
864,R14,05/06/25,H19,"9,4",
854,R14,05/06/25,H3,"9,3",
082E,R14,05/06/25,H7,"2,9",
866,R14,05/06/25,J15,"4,8",
876,R14,05/06/25,J19,"6,7",
847,R14,05/06/25,J3,"6,1",
083A,R14,05/06/25,J7,"7,7",
873,R14,05/06/25,M9,"1,1",
842,R14,05/06/25,J11,"1,5",
855,R14,05/06/25,M13,"9,1",
835,R14,05/06/25,M17,"8,8",
848,R14,05/06/25,M1,"4,8",
080A,R14,05/06/25,M5,"3,2",
852,R14,05/06/25,L11,"8,9",
086A,R14,05/06/25,L15,"9,6",
840,R14,05/06/25,L19,"4,5",
822,R14,05/06/25,L3,"9,6",
081A,R14,05/06/25,L7,"2,5",
858,R14,05/06/25,O13,"3,9",
081D,R14,05/06/25,O17,"7,2",
083D,R14,05/06/25,O1,"9,2",
870,R14,05/06/25,O5,"3,8",
859,R14,05/06/25,O9,"6,4",
828,R14,05/06/25,Q13,"7,6",
819,R14,05/06/25,Q17,"1,4",
083C,R14,05/06/25,Q1,"9,8",
082A,R14,05/06/25,Q5,"6,8",
868,R14,05/06/25,Q9,"1,5",
825,R14,05/06/25,N11,"3,3",
808,R14,05/06/25,N15,"6,9",
838,R14,05/06/25,N19,"3,7",
802,R14,05/06/25,N3,"5,3",
823,R14,05/06/25,N7,"2,2",
083E,R14,05/06/25,P11,"1,9",
084A,R14,05/06/25,P15,"5,2",
818,R14,05/06/25,P19,"3,8",
849,R14,05/06/25,P3,"1,2",
856,R14,05/06/25,P7,"4,7",
812,R14,05/06/25,S13,"3,5",
861,R14,05/06/25,S17,"3,5",moved back to correct column
810,R14,05/06/25,S1,"9,1",
837,R14,05/06/25,S5,"2,4",
815,R14,05/06/25,S9,"1,7",
083F,R14,05/06/25,R15,"6,6",
082B,R14,05/06/25,R19,"2,5",
843,R14,05/06/25,R3,"3,7",
875,R14,05/06/25,R7,"1,4",
085D,R14,05/06/25,T11,"4,1",
085A,R14,05/06/25,U13,"5,2",
807,R14,05/06/25,U17,"5,8",
080B,R14,05/06/25,U1,"7,4",
083B,R14,05/06/25,U5,"3,3",
086D,R14,05/06/25,U9,"3,1",
805,R14,05/06/25,T15,"3,2",
081C,R14,05/06/25,T19,"3,1","went straight to T19, skipped T18, due to mistake in previous rotation"
804,R14,05/06/25,T3,"7,3",
086F,R14,05/06/25,T7,"6,3",
817,R14,05/06/25,R11,"8,2",
086E,R15,16/06/25,C14,"2,2",
084F,R15,16/06/25,C18,"7,2",
084E,R15,16/06/25,C2,"7,5",
085C,R15,16/06/25,C6,"4,5",
863,R15,16/06/25,C10,"3,9",
877,R15,16/06/25,E14,"3,7",
834,R15,16/06/25,E18,"3,8",
821,R15,16/06/25,E2,"1,5",
082C,R15,16/06/25,E6,"2,3",
851,R15,16/06/25,E10,"3,2",
082F,R15,16/06/25,B12,"8,5",
084D,R15,16/06/25,B16,"6,4",
871,R15,16/06/25,B20,"1,2",
850,R15,16/06/25,B4,"7,6",
878,R15,16/06/25,B8,"7,6",
860,R15,16/06/25,D16,"7,3",
086B,R15,16/06/25,D20,"6,7",
084C,R15,16/06/25,D4,"4,1",
801,R15,16/06/25,D8,"6,2",
853,R15,16/06/25,G10,"3,4",
833,R15,16/06/25,D12,"4,2",
845,R15,16/06/25,G14,"9,2",
086C,R15,16/06/25,G18,"1,8",
839,R15,16/06/25,G2,"4,2",
085E,R15,16/06/25,G6,"6,1",
811,R15,16/06/25,F12,"1,4",
085B,R15,16/06/25,F16,"1,9",
832,R15,16/06/25,F20,"3,6",
831,R15,16/06/25,F4,"8,4",
869,R15,16/06/25,F8,"2,4",
080D,R15,16/06/25,I14,"6,3",
826,R15,16/06/25,I18,"9,8",
080E,R15,16/06/25,I2,"6,5",
841,R15,16/06/25,I6,"7,6",
865,R15,16/06/25,I10,"5,6",
844,R15,16/06/25,K14,"6,8",
809,R15,16/06/25,K18,"3,7",
082D,R15,16/06/25,K2,"3,5",
830,R15,16/06/25,K6,"3,4",
827,R15,16/06/25,K10,"1,8",
874,R15,16/06/25,H12,"5,5",
829,R15,16/06/25,H16,"6,3",
864,R15,16/06/25,H20,"7,9",
854,R15,16/06/25,H4,"5,5",
082E,R15,16/06/25,H8,"5,9",
866,R15,16/06/25,J16,"8,5",
876,R15,16/06/25,J20,"2,5",
847,R15,16/06/25,J4,"1,3",
083A,R15,16/06/25,J8,"8,4",
873,R15,16/06/25,M10,"7,4",
842,R15,16/06/25,J12,"6,9",
855,R15,16/06/25,M14,"5,5",
835,R15,16/06/25,M18,"4,6",
848,R15,16/06/25,M2,"4,2",
080A,R15,16/06/25,M6,"7,4",
852,R15,16/06/25,L12,"1,9",
086A,R15,16/06/25,L16,"4,6",
840,R15,16/06/25,L20,"7,2",
822,R15,16/06/25,L4,"7,7",
081A,R15,16/06/25,L8,"1,2",
858,R15,16/06/25,O14,"9,5",
081D,R15,16/06/25,O18,"7,4",
083D,R15,16/06/25,O2,"2,7",
870,R15,16/06/25,O6,"5,6",
859,R15,16/06/25,O10,"2,3",
828,R15,16/06/25,Q14,"6,2",
819,R15,16/06/25,Q18,"5,8",
083C,R15,16/06/25,Q2,"2,6",
082A,R15,16/06/25,Q6,"8,3",
868,R15,16/06/25,Q10,"2,3",
825,R15,16/06/25,N12,"5,8",
808,R15,16/06/25,N16,"8,8",
838,R15,16/06/25,N20,"8,1",
802,R15,16/06/25,N4,"4,7",
823,R15,16/06/25,N8,"2,3",
083E,R15,16/06/25,P12,"2,6",
084A,R15,16/06/25,P16,"5,5",
818,R15,16/06/25,P20,"9,5",
849,R15,16/06/25,P4,"2,4",
856,R15,16/06/25,P8,"9,6",
812,R15,16/06/25,S14,"5,1",
861,R15,16/06/25,S18,"5,7",
810,R15,16/06/25,S2,"9,4",
837,R15,16/06/25,S6,"3,5",
815,R15,16/06/25,S10,"6,6",
083F,R15,16/06/25,R16,"5,3",
082B,R15,16/06/25,R20,"2,5",
843,R15,16/06/25,R4,"6,5",
875,R15,16/06/25,R8,"3,7",
085D,R15,16/06/25,T12,"2,1",
085A,R15,16/06/25,U14,"6,6",
807,R15,16/06/25,U18,"7,4",
080B,R15,16/06/25,U2,"3,5",
083B,R15,16/06/25,U6,"5,2",
086D,R15,16/06/25,U10,"9,9",
805,R15,16/06/25,T16,"3,7",
081C,R15,16/06/25,T20,"9,2",
804,R15,16/06/25,T4,"2,6",
086F,R15,16/06/25,T8,"2,3",
817,R15,16/06/25,R12,"5,9",
086E,R16,11/07/25,C15,"1,2",
084F,R16,11/07/25,C19,"6,4",
084E,R16,11/07/25,C3,"5,5",
085C,R16,11/07/25,C7,"7,1",
863,R16,11/07/25,C11,"6,7",
877,R16,11/07/25,E15,"3,4",
834,R16,11/07/25,E19,"9,8",
821,R16,11/07/25,E3,"5,4",
082C,R16,11/07/25,E7,"2,3",
851,R16,11/07/25,E11,"9,8",
082F,R16,11/07/25,B13,"5,9",
084D,R16,11/07/25,B17,"8,9",
871,R16,11/07/25,B1,"7,3",
850,R16,11/07/25,B5,"6,6",
878,R16,11/07/25,B9,"3,2",
860,R16,11/07/25,D17,"7,3",
086B,R16,11/07/25,D1,"3,6",
084C,R16,11/07/25,D5,"3,7",
801,R16,11/07/25,D9,"8,4",
853,R16,11/07/25,G11,"9,4",
833,R16,11/07/25,D13,"3,7",
845,R16,11/07/25,G15,"7,5",
086C,R16,11/07/25,G19,"3,5",
839,R16,11/07/25,G3,"7,9",
085E,R16,11/07/25,G7,"6,3",
811,R16,11/07/25,F13,"2,9",
085B,R16,11/07/25,F17,"5,8",
832,R16,11/07/25,F1,"1,2",
831,R16,11/07/25,F5,"3,8",
869,R16,11/07/25,F9,"1,1",
080D,R16,11/07/25,I15,"7,7",
826,R16,11/07/25,I19,"3,9",
080E,R16,11/07/25,I3,"5,9",
841,R16,11/07/25,I7,"8,4",
865,R16,11/07/25,I11,"7,4",
844,R16,11/07/25,K15,"6,3",
809,R16,11/07/25,K19,"4,2",
082D,R16,11/07/25,K3,"7,6",
830,R16,11/07/25,K7,"3,6",
827,R16,11/07/25,K11,"1,9",
874,R16,11/07/25,H13,"4,2",
829,R16,11/07/25,H17,"6,4",
864,R16,11/07/25,H1,"3,3",
854,R16,11/07/25,H5,"4,1",
082E,R16,11/07/25,H9,"6,2",
866,R16,11/07/25,J17,"7,8",
876,R16,11/07/25,J1,"2,6",
847,R16,11/07/25,J5,"2,1",
083A,R16,11/07/25,J9,"3,1",
873,R16,11/07/25,M11,"2,5",
842,R16,11/07/25,J13,"9,7",
855,R16,11/07/25,M15,"3,4",
835,R16,11/07/25,M19,"2,7",
848,R16,11/07/25,M3,"1,1",
080A,R16,11/07/25,M7,"2,5",
852,R16,11/07/25,L13,"9,9",
086A,R16,11/07/25,L17,"5,3",
840,R16,11/07/25,L1,"8,5",
822,R16,11/07/25,L5,"6,3",
081A,R16,11/07/25,L9,"1,5",
858,R16,11/07/25,O15,"5,2",
081D,R16,11/07/25,O19,"8,3",
083D,R16,11/07/25,O3,"3,8",
870,R16,11/07/25,O7,"6,9",
859,R16,11/07/25,O11,"8,5",
828,R16,11/07/25,Q15,"7,1",
819,R16,11/07/25,Q19,"1,7",
083C,R16,11/07/25,Q3,"8,2",
082A,R16,11/07/25,Q7,"3,9",
868,R16,11/07/25,Q11,"6,3",
825,R16,11/07/25,N13,"7,9",
808,R16,11/07/25,N17,"7,9",
838,R16,11/07/25,N1,"1,2",
802,R16,11/07/25,N5,"1,6",
823,R16,11/07/25,N9,"2,6",
083E,R16,11/07/25,P13,"8,2",
084A,R16,11/07/25,P17,"2,6",
818,R16,11/07/25,P1,"8,4",
849,R16,11/07/25,P5,"4,9",
856,R16,11/07/25,P9,"9,2",
812,R16,11/07/25,S15,"9,7",
861,R16,11/07/25,S19,"4,7",
810,R16,11/07/25,S3,"7,3",
837,R16,11/07/25,S7,"9,5",
815,R16,11/07/25,S11,"4,8",
083F,R16,11/07/25,R17,"7,6",
082B,R16,11/07/25,R1,"6,4",
843,R16,11/07/25,R5,"1,1",
875,R16,11/07/25,R9,"7,6",
085D,R16,11/07/25,T13,"3,5",
085A,R16,11/07/25,U15,"1,2",
807,R16,11/07/25,U19,"5,8",
080B,R16,11/07/25,U3,"9,4",
083B,R16,11/07/25,U7,"6,8",
086D,R16,11/07/25,U11,"4,9",
805,R16,11/07/25,T17,"5,4",
081C,R16,11/07/25,T1,"8,1",
804,R16,11/07/25,T5,"1,9",
086F,R16,11/07/25,T9,"3,2",
817,R16,11/07/25,R13,"2,5",
086E,R17,01/08/25,C16,"1,7",
084F,R17,01/08/25,C20,"3,6",
084E,R17,01/08/25,C4,"5,1",
085C,R17,01/08/25,C8,"2,8",
863,R17,01/08/25,C12,"3,3",
877,R17,01/08/25,E16,"4,3",
834,R17,01/08/25,E20,"8,7",
821,R17,01/08/25,E4,"6,4",
082C,R17,01/08/25,E8,"8,7",
851,R17,01/08/25,E12,"9,9",
082F,R17,01/08/25,B14,"5,1",
084D,R17,01/08/25,B18,"3,9",
871,R17,01/08/25,B2,"9,1",
850,R17,01/08/25,B6,"9,7",
878,R17,01/08/25,B10,"1,2",
860,R17,01/08/25,D18,"6,9",
086B,R17,01/08/25,D2,"2,7",
084C,R17,01/08/25,D6,"2,3",
801,R17,01/08/25,D10,"3,9",
853,R17,01/08/25,G12,"9,1",
833,R17,01/08/25,D14,"1,5",
845,R17,01/08/25,G16,"5,3",
086C,R17,01/08/25,G20,"3,3",
839,R17,01/08/25,G4,"8,8",
085E,R17,01/08/25,G8,"2,8",
811,R17,01/08/25,F14,"5,2",
085B,R17,01/08/25,F18,"9,8",
832,R17,01/08/25,F2,"8,4",
831,R17,01/08/25,F6,"8,7",
869,R17,01/08/25,F10,"2,4",
080D,R17,01/08/25,I16,"9,9",
826,R17,01/08/25,I20,"7,5",
080E,R17,01/08/25,I4,"5,3",
841,R17,01/08/25,I8,"2,8",
865,R17,01/08/25,I12,"7,2",
844,R17,01/08/25,K16,"9,2",
809,R17,01/08/25,K20,"1,4",
082D,R17,01/08/25,K4,"2,3",
830,R17,01/08/25,K8,"3,1",
827,R17,01/08/25,K12,"8,5",
874,R17,01/08/25,H14,"8,2",
829,R17,01/08/25,H18,"6,4",
864,R17,01/08/25,H2,"1,8",
854,R17,01/08/25,H6,"5,1",
082E,R17,01/08/25,H10,"4,1",
866,R17,01/08/25,J18,"4,2",
876,R17,01/08/25,J2,"8,4",
847,R17,01/08/25,J6,"3,6",
083A,R17,01/08/25,J10,"3,7",
873,R17,01/08/25,M12,"3,6",
842,R17,01/08/25,J14,"2,9",
855,R17,01/08/25,M16,"7,1",
835,R17,01/08/25,M20,"8,1",
848,R17,01/08/25,M4,"1,2",
080A,R17,01/08/25,M8,"1,6",
852,R17,01/08/25,L14,"3,8",
086A,R17,01/08/25,L18,"6,3",
840,R17,01/08/25,L2,"8,1",
822,R17,01/08/25,L6,"8,9",
081A,R17,01/08/25,L10,"8,9",
858,R17,01/08/25,O16,"5,7",
081D,R17,01/08/25,O20,"3,3",
083D,R17,01/08/25,O4,"6,4",
870,R17,01/08/25,O8,"6,8",
859,R17,01/08/25,O12,"9,9",
828,R17,01/08/25,Q16,"1,7",
819,R17,01/08/25,Q20,"4,8",
083C,R17,01/08/25,Q4,"8,9",
082A,R17,01/08/25,Q8,"7,9",
868,R17,01/08/25,Q12,"3,2",
825,R17,01/08/25,N14,"9,5",
808,R17,01/08/25,N18,"8,8",
838,R17,01/08/25,N2,"4,4",
802,R17,01/08/25,N6,"8,4",
823,R17,01/08/25,N10,"4,4",
083E,R17,01/08/25,P14,"7,1",
084A,R17,01/08/25,P18,"4,2",
818,R17,01/08/25,P2,"7,1",
849,R17,01/08/25,P6,"5,5",
856,R17,01/08/25,P10,"1,6",
812,R17,01/08/25,S16,"2,2",
861,R17,01/08/25,S20,"5,3",
810,R17,01/08/25,S4,"3,3",
837,R17,01/08/25,S8,"6,8",
815,R17,01/08/25,S12,"6,1",
083F,R17,01/08/25,R18,"7,7",
082B,R17,01/08/25,R2,"3,4",
843,R17,01/08/25,R6,"9,4",
875,R17,01/08/25,R10,"8,3",
085D,R17,01/08/25,T14,"7,1",
085A,R17,01/08/25,U16,"3,3",
807,R17,01/08/25,U20,"2,1",
080B,R17,01/08/25,U4,"2,8",
083B,R17,01/08/25,U8,"3,9",
086D,R17,01/08/25,U12,"3,4",
805,R17,01/08/25,T18,"4,2",
081C,R17,01/08/25,T2,"9,5",
804,R17,01/08/25,T6,"4,3",
086F,R17,01/08/25,T10,"2,9",
817,R17,01/08/25,R14,"2,5",
086E,R18,14/08/25,C17,"1,8",
084F,R18,14/08/25,C1,"3,8",
084E,R18,14/08/25,C5,"2,7",
085C,R18,14/08/25,C9,"2,6",
863,R18,14/08/25,C13,"3,9",
877,R18,14/08/25,E17,"7,2",
834,R18,14/08/25,E1,"3,6",
821,R18,14/08/25,E5,"5,4",
082C,R18,14/08/25,E9,"2,6",
851,R18,14/08/25,E13,"7,9",
082F,R18,14/08/25,B15,"7,5",
084D,R18,14/08/25,B19,"5,3",
871,R18,14/08/25,B3,"3,7",
850,R18,14/08/25,B7,"9,3",
878,R18,14/08/25,B11,"8,8",
860,R18,14/08/25,D19,"8,8",
086B,R18,14/08/25,D3,"4,4",
084C,R18,14/08/25,D7,"6,4",
801,R18,14/08/25,D11,"8,1",
853,R18,14/08/25,G13,"2,9",
833,R18,14/08/25,D15,"9,4",
845,R18,14/08/25,G17,"1,7",
086C,R18,14/08/25,G1,"7,9",
839,R18,14/08/25,G5,"8,4",
085E,R18,14/08/25,G9,"6,3",
811,R18,14/08/25,F15,"1,7",
085B,R18,14/08/25,F19,"3,5",
832,R18,14/08/25,F3,"2,5",
831,R18,14/08/25,F7,"9,6",
869,R18,14/08/25,F11,"7,2",
080D,R18,14/08/25,I17,"3,1",
826,R18,14/08/25,I1,"1,8",
080E,R18,14/08/25,I5,"7,3",
841,R18,14/08/25,I9,"4,3",
865,R18,14/08/25,I13,"2,4",
844,R18,14/08/25,K17,"8,2",
809,R18,14/08/25,K1,"6,2",
082D,R18,14/08/25,K5,"9,4",
830,R18,14/08/25,K9,"1,7",
827,R18,14/08/25,K13,"3,1",
874,R18,14/08/25,H15,"8,7",
829,R18,14/08/25,H19,"2,4",
864,R18,14/08/25,H3,"7,3",
854,R18,14/08/25,H7,"9,3",
082E,R18,14/08/25,H11,"7,9",
866,R18,14/08/25,J19,"7,1",
876,R18,14/08/25,J3,"6,2",
847,R18,14/08/25,J7,"5,6",
083A,R18,14/08/25,J11,"6,8",
873,R18,14/08/25,M13,"8,8",
842,R18,14/08/25,J15,"4,5",
855,R18,14/08/25,M17,"9,4",
835,R18,14/08/25,M1,"4,9",
848,R18,14/08/25,M5,"2,2",
080A,R18,14/08/25,M9,"3,7",
852,R18,14/08/25,L15,"4,5",
086A,R18,14/08/25,L19,"4,6",
840,R18,14/08/25,L3,"3,3",
822,R18,14/08/25,L7,"4,9",
081A,R18,14/08/25,L11,"4,1",
858,R18,14/08/25,O17,"9,9",
081D,R18,14/08/25,O1,"8,8",
083D,R18,14/08/25,O5,"3,9",
870,R18,14/08/25,O9,"9,5",
859,R18,14/08/25,O13,"4,3",
828,R18,14/08/25,Q17,"8,7",
819,R18,14/08/25,Q1,"7,9",
083C,R18,14/08/25,Q5,"4,7",
082A,R18,14/08/25,Q9,"7,9",
868,R18,14/08/25,Q13,"6,3",
825,R18,14/08/25,N15,"8,5",
808,R18,14/08/25,N19,"4,7",
838,R18,14/08/25,N3,"6,4",
802,R18,14/08/25,N7,"6,9",
823,R18,14/08/25,N11,"4,2",
083E,R18,14/08/25,P15,"8,3",
084A,R18,14/08/25,P19,"2,5",
818,R18,14/08/25,P3,"1,7",
849,R18,14/08/25,P7,"5,6",
856,R18,14/08/25,P11,"1,5",
812,R18,14/08/25,S17,"1,4",
861,R18,14/08/25,S1,"9,8",
810,R18,14/08/25,S5,"1,9",
837,R18,14/08/25,S9,"1,4",
815,R18,14/08/25,S13,"4,2",
083F,R18,14/08/25,R19,"2,3",
082B,R18,14/08/25,R3,"4,6",
843,R18,14/08/25,R7,"8,2",
875,R18,14/08/25,R11,"7,7",
085D,R18,14/08/25,T15,"7,4",
085A,R18,14/08/25,U17,"4,8",
807,R18,14/08/25,U1,"6,3",
080B,R18,14/08/25,U5,"7,2",
083B,R18,14/08/25,U9,"6,8",
086D,R18,14/08/25,U13,"7,7",
805,R18,14/08/25,T19,"7,4",
081C,R18,14/08/25,T3,"6,3",
804,R18,14/08/25,T7,"9,3",
086F,R18,14/08/25,T11,"9,4",
817,R18,14/08/25,R15,"6,6",
086E,R19,11/09/2025,C18,"4,2",
084F,R19,11/09/2025,C2,"7,2",
084E,R19,11/09/2025,C6,"6,7",
085C,R19,11/09/2025,C10,"1,9",
863,R19,11/09/2025,C14,"2,3",
877,R19,11/09/2025,E18,"1,5",
834,R19,11/09/2025,E2,"9,1",
821,R19,11/09/2025,E6,"8,6",
082C,R19,11/09/2025,E10,"2,9",
851,R19,11/09/2025,E14,"9,7",
082F,R19,11/09/2025,B16,"3,9",
084D,R19,11/09/2025,B20,"1,3",
871,R19,11/09/2025,B4,"3,3",
850,R19,11/09/2025,B8,"2,2",
878,R19,11/09/2025,B12,"2,7",
860,R19,11/09/2025,D20,"2,4",
086B,R19,11/09/2025,D4,"3,7",
084C,R19,11/09/2025,D8,"4,2",
801,R19,11/09/2025,D12,"9,4",
853,R19,11/09/2025,G14,"8,8",
833,R19,11/09/2025,D16,"6,6",
845,R19,11/09/2025,G18,"2,6",
086C,R19,11/09/2025,G2,"6,8",
839,R19,11/09/2025,G6,"4,8",
085E,R19,11/09/2025,G10,"1,2",
811,R19,11/09/2025,F16,"4,5",
085B,R19,11/09/2025,F20,"6,1",
832,R19,11/09/2025,F4,"5,6",
831,R19,11/09/2025,F8,"5,9",
869,R19,11/09/2025,F12,"5,1",
080D,R19,11/09/2025,I18,"2,4",
826,R19,11/09/2025,I2,"7,6",
080E,R19,11/09/2025,I6,"1,1",
841,R19,11/09/2025,I10,"4,9",
865,R19,11/09/2025,I14,"4,5",
844,R19,11/09/2025,K18,"6,4",
809,R19,11/09/2025,K2,"6,9",
082D,R19,11/09/2025,K6,"2,7",
830,R19,11/09/2025,K10,"7,1",
827,R19,11/09/2025,K14,"2,7",
874,R19,11/09/2025,H16,"1,6",
829,R19,11/09/2025,H20,"5,9",
864,R19,11/09/2025,H4,"1,4",
854,R19,11/09/2025,H8,"7,8",
082E,R19,11/09/2025,H12,"2,6",
866,R19,11/09/2025,J20,"8,3",
876,R19,11/09/2025,J4,"2,4",
847,R19,11/09/2025,J8,"5,9",
083A,R19,11/09/2025,J12,"6,3",
873,R19,11/09/2025,M14,"2,6",
842,R19,11/09/2025,J16,"5,9",
855,R19,11/09/2025,M18,"2,2",
835,R19,11/09/2025,M2,"4,2",
848,R19,11/09/2025,M6,"5,1",
080A,R19,11/09/2025,M10,"7,3",
852,R19,11/09/2025,L16,"1,1",
086A,R19,11/09/2025,L20,"3,9",
840,R19,11/09/2025,L4,"1,2",
822,R19,11/09/2025,L8,"6,1",
081A,R19,11/09/2025,L12,"9,5",
858,R19,11/09/2025,O18,"4,9",
081D,R19,11/09/2025,O2,"2,7",
083D,R19,11/09/2025,O6,"2,2",
870,R19,11/09/2025,O10,"8,6",
859,R19,11/09/2025,O14,"7,2",
828,R19,11/09/2025,Q18,"7,7",
819,R19,11/09/2025,Q2,"6,2",
083C,R19,11/09/2025,Q6,"4,5",
082A,R19,11/09/2025,Q10,"6,6",
868,R19,11/09/2025,Q14,"4,3",
825,R19,11/09/2025,N16,"6,8",
808,R19,11/09/2025,N20,"9,6",
838,R19,11/09/2025,N4,"5,4",
802,R19,11/09/2025,N8,"1,1",
823,R19,11/09/2025,N12,"7,1",
083E,R19,11/09/2025,P16,"5,5",
084A,R19,11/09/2025,P20,"3,7",
818,R19,11/09/2025,P4,"2,2",
849,R19,11/09/2025,P8,"9,8",
856,R19,11/09/2025,P12,"3,3",
812,R19,11/09/2025,S18,"2,9",
861,R19,11/09/2025,S2,"9,3",
810,R19,11/09/2025,S6,"6,7",
837,R19,11/09/2025,S10,"3,1",
815,R19,11/09/2025,S14,"2,6",
083F,R19,11/09/2025,R20,"5,3",
082B,R19,11/09/2025,R4,"5,1",
843,R19,11/09/2025,R8,"1,3",
875,R19,11/09/2025,R12,"2,4",
085D,R19,11/09/2025,T16,"6,5",
085A,R19,11/09/2025,U18,"3,6",
807,R19,11/09/2025,U2,"1,3",
080B,R19,11/09/2025,U6,"7,2",
083B,R19,11/09/2025,U10,"5,7",
086D,R19,11/09/2025,U14,"3,4",
805,R19,11/09/2025,T20,"1,2",
081C,R19,11/09/2025,T4,"3,8",
804,R19,11/09/2025,T8,"1,9",
086F,R19,11/09/2025,T12,"7,4",
817,R19,11/09/2025,R16,"3,4",
086E,R20,10/10/2025,C19,"7,6",
084F,R20,10/10/2025,C3,"2,1",
084E,R20,10/10/2025,C7,"5,9",
085C,R20,10/10/2025,C11,"7,7",
863,R20,10/10/2025,C15,"7,9",
877,R20,10/10/2025,E19,"4,8",
834,R20,10/10/2025,E3,"7,9",
821,R20,10/10/2025,E7,"8,9",
082C,R20,10/10/2025,E11,"8,4",
851,R20,10/10/2025,E15,"4,3",
082F,R20,10/10/2025,B17,"8,1",
084D,R20,10/10/2025,B1,"2,2",
871,R20,10/10/2025,B5,"4,6",
850,R20,10/10/2025,B9,"3,8",
878,R20,10/10/2025,B13,"6,4",
860,R20,10/10/2025,D1,"9,4",
086B,R20,10/10/2025,D5,"9,4",
084C,R20,10/10/2025,D9,"1,5",
801,R20,10/10/2025,D13,"2,8",
853,R20,10/10/2025,G15,"1,3",
833,R20,10/10/2025,D17,"1,1",
845,R20,10/10/2025,G19,"7,2",
086C,R20,10/10/2025,G3,"9,8",
839,R20,10/10/2025,G7,"6,7",
085E,R20,10/10/2025,G11,"1,8",
811,R20,10/10/2025,F17,"2,6",
085B,R20,10/10/2025,F1,"3,4",
832,R20,10/10/2025,F5,"5,5",
831,R20,10/10/2025,F9,"2,3",
869,R20,10/10/2025,F13,"2,5",
080D,R20,10/10/2025,I19,"7,7",
826,R20,10/10/2025,I3,"1,2",
080E,R20,10/10/2025,I7,"1,8",
841,R20,10/10/2025,I11,"2,6",
865,R20,10/10/2025,I15,"3,1",
844,R20,10/10/2025,K19,"5,8",
809,R20,10/10/2025,K3,"7,7",
082D,R20,10/10/2025,K7,"5,8",
830,R20,10/10/2025,K11,"9,1",
827,R20,10/10/2025,K15,"2,4",
874,R20,10/10/2025,H17,"9,7",
829,R20,10/10/2025,H1,"8,8",
864,R20,10/10/2025,H5,"6,4",
854,R20,10/10/2025,H9,"1,4",
082E,R20,10/10/2025,H13,"8,6",
866,R20,10/10/2025,J1,"9,3",
876,R20,10/10/2025,J5,"8,8",
847,R20,10/10/2025,J9,"5,7",
083A,R20,10/10/2025,J13,"9,6",
873,R20,10/10/2025,M15,"4,3",
842,R20,10/10/2025,J17,"9,8",
855,R20,10/10/2025,M19,"8,7",
835,R20,10/10/2025,M3,"4,1",
848,R20,10/10/2025,M7,"3,9",
080A,R20,10/10/2025,M11,"7,2",
852,R20,10/10/2025,L17,"4,4",
086A,R20,10/10/2025,L1,"3,7",
840,R20,10/10/2025,L5,"8,5",
822,R20,10/10/2025,L9,"6,8",
081A,R20,10/10/2025,L13,"2,4",
858,R20,10/10/2025,O19,"4,5",
081D,R20,10/10/2025,O3,"7,5",
083D,R20,10/10/2025,O7,"7,9",
870,R20,10/10/2025,O11,"7,1",
859,R20,10/10/2025,O15,"3,2",
828,R20,10/10/2025,Q19,"9,3",
819,R20,10/10/2025,Q3,"7,5",
083C,R20,10/10/2025,Q7,"5,5",
082A,R20,10/10/2025,Q11,"1,3",
868,R20,10/10/2025,Q15,"3,3",
825,R20,10/10/2025,N17,"7,2",
808,R20,10/10/2025,N1,"4,1",
838,R20,10/10/2025,N5,"2,6",
802,R20,10/10/2025,N9,"6,7",
823,R20,10/10/2025,N13,"3,9",
083E,R20,10/10/2025,P17,"9,3",
084A,R20,10/10/2025,P1,"3,1",
818,R20,10/10/2025,P5,"6,6",
849,R20,10/10/2025,P9,"3,7",
856,R20,10/10/2025,P13,"8,2",
812,R20,10/10/2025,S19,"2,3",
861,R20,10/10/2025,S3,"9,6",
810,R20,10/10/2025,S7,"1,7",
837,R20,10/10/2025,S11,"6,2",
815,R20,10/10/2025,S15,"1,2",
083F,R20,10/10/2025,R1,"9,1",
082B,R20,10/10/2025,R5,"5,8",
843,R20,10/10/2025,R9,"2,5",
875,R20,10/10/2025,R13,"2,1",
085D,R20,10/10/2025,T17,"1,3",
085A,R20,10/10/2025,U19,"6,6",
807,R20,10/10/2025,U3,"7,4",
080B,R20,10/10/2025,U7,"8,5",
083B,R20,10/10/2025,U11,"6,2",
086D,R20,10/10/2025,U15,"1,4",
805,R20,10/10/2025,T1,"3,6",
081C,R20,10/10/2025,T5,"8,9",
804,R20,10/10/2025,T9,"2,9",
086F,R20,10/10/2025,T13,"8,4",
817,R20,10/10/2025,R17,"4,5",
086E,R21,21/10/2025,C20,"1,6",
084F,R21,21/10/2025,C4,"7,8",
084E,R21,21/10/2025,C8,"2,3",
085C,R21,21/10/2025,C12,"4,4",
863,R21,21/10/2025,C16,"5,1",
877,R21,21/10/2025,E20,"2,3",
834,R21,21/10/2025,E4,"3,9",
821,R21,21/10/2025,E8,"7,5",
082C,R21,21/10/2025,E12,"7,5",
851,R21,21/10/2025,E16,"1,2",
082F,R21,21/10/2025,B18,"2,9",
084D,R21,21/10/2025,B2,"9,3",
871,R21,21/10/2025,B6,"5,8",
850,R21,21/10/2025,B10,"6,7",
878,R21,21/10/2025,B14,"4,8",
860,R21,21/10/2025,D2,"4,8",
086B,R21,21/10/2025,D6,"7,9",
084C,R21,21/10/2025,D10,"1,2",
801,R21,21/10/2025,D14,"8,3",
853,R21,21/10/2025,G16,"5,7",
833,R21,21/10/2025,D18,"6,2",
845,R21,21/10/2025,G20,"7,1",
086C,R21,21/10/2025,G4,"4,8",
839,R21,21/10/2025,G8,"8,2",
085E,R21,21/10/2025,G12,"6,6",
811,R21,21/10/2025,F18,"3,6",
085B,R21,21/10/2025,F2,"5,4",
832,R21,21/10/2025,F6,"4,8",
831,R21,21/10/2025,F10,"6,2",
869,R21,21/10/2025,F14,"8,6",
080D,R21,21/10/2025,I20,"1,8",
826,R21,21/10/2025,I4,"6,6",
080E,R21,21/10/2025,I8,"5,1",
841,R21,21/10/2025,I12,"5,5",
865,R21,21/10/2025,I16,"9,7",
844,R21,21/10/2025,K20,"6,4",
809,R21,21/10/2025,K4,"4,3",
082D,R21,21/10/2025,K8,"7,7",
830,R21,21/10/2025,K12,"3,6",
827,R21,21/10/2025,K16,"3,5",
874,R21,21/10/2025,H18,"5,9",
829,R21,21/10/2025,H2,"2,5",
864,R21,21/10/2025,H6,"9,3",
854,R21,21/10/2025,H10,"8,2",
082E,R21,21/10/2025,H14,"7,8",
866,R21,21/10/2025,J2,"6,3",
876,R21,21/10/2025,J6,"1,1",
847,R21,21/10/2025,J10,"9,9",
083A,R21,21/10/2025,J14,"9,7",
873,R21,22/10/2025,M16,"1,6",
842,R21,21/10/2025,J18,"7,4",
855,R21,22/10/2025,M20,"1,3",
835,R21,22/10/2025,M4,"5,4",
848,R21,22/10/2025,M8,"1,2",
080A,R21,22/10/2025,M12,"5,5",
852,R21,22/10/2025,L18,"5,9",
086A,R21,22/10/2025,L2,"9,3",
840,R21,22/10/2025,L6,"4,2",
822,R21,22/10/2025,L10,"7,3",
081A,R21,22/10/2025,L14,"3,5",
858,R21,22/10/2025,O20,"7,2",
081D,R21,22/10/2025,O4,"6,1",
083D,R21,22/10/2025,O8,"7,4",
870,R21,22/10/2025,O12,"1,8",
859,R21,22/10/2025,O16,"3,4",
828,R21,22/10/2025,Q20,"2,5",
819,R21,22/10/2025,Q4,"7,3",
083C,R21,22/10/2025,Q8,"4,7",
082A,R21,22/10/2025,Q12,"6,8",
868,R21,22/10/2025,Q16,"3,4",
825,R21,22/10/2025,N18,"7,3",
808,R21,22/10/2025,N2,"9,9",
838,R21,22/10/2025,N6,"2,2",
802,R21,22/10/2025,N10,"5,1",
823,R21,22/10/2025,N14,"3,8",
083E,R21,22/10/2025,P18,"5,5",
084A,R21,22/10/2025,P2,"3,3",
818,R21,22/10/2025,P6,"4,7",
849,R21,22/10/2025,P10,"5,9",
856,R21,22/10/2025,P14,"1,9",
812,R21,22/10/2025,S20,"4,7",
861,R21,22/10/2025,S4,"6,3",
810,R21,22/10/2025,S8,"6,8",
837,R21,22/10/2025,S12,"7,6",
815,R21,22/10/2025,S16,"3,1",
083F,R21,22/10/2025,R2,"9,4",
082B,R21,22/10/2025,R6,"8,6",
843,R21,22/10/2025,R10,"6,4",
875,R21,22/10/2025,R14,"9,4",
085D,R21,22/10/2025,T18,"8,2",
085A,R21,22/10/2025,U20,"7,6",
807,R21,22/10/2025,U4,"2,6",
080B,R21,22/10/2025,U8,"2,9",
083B,R21,22/10/2025,U12,"8,7",
086D,R21,22/10/2025,U16,"5,6",
805,R21,22/10/2025,T2,"5,4",
081C,R21,22/10/2025,T6,"9,2",
804,R21,22/10/2025,T10,"1,4",
086F,R21,22/10/2025,T14,"7,1",
817,R21,22/10/2025,R18,"4,9",
086E,R22,20/11/2025,C1,"1,6",
084F,R22,20/11/2025,C5,"7,8",
084E,R22,20/11/2025,C9,"2,3",
085C,R22,20/11/2025,C13,"4,4",
863,R22,20/11/2025,C17,"5,1",
877,R22,20/11/2025,E1,"2,3",
834,R22,20/11/2025,E5,"3,9",
821,R22,20/11/2025,E9,"7,5",
082C,R22,20/11/2025,E13,"7,5",
851,R22,20/11/2025,E17,"1,2",
082F,R22,20/11/2025,B19,"2,9",
084D,R22,20/11/2025,B3,"9,3",
871,R22,20/11/2025,B7,"5,8",
850,R22,20/11/2025,B11,"6,7",
878,R22,20/11/2025,B15,"4,8",
860,R22,20/11/2025,D3,"4,8",
086B,R22,20/11/2025,D7,"7,9",
084C,R22,20/11/2025,D11,"1,2",
801,R22,20/11/2025,D15,"8,3",
853,R22,20/11/2025,G17,"5,7",
833,R22,20/11/2025,D19,"6,2",
845,R22,20/11/2025,G1,"7,1",
086C,R22,20/11/2025,G5,"4,8",
839,R22,20/11/2025,G9,"8,2",
085E,R22,20/11/2025,G13,"6,6",
811,R22,20/11/2025,F19,"3,6",
085B,R22,20/11/2025,F3,"5,4",
832,R22,20/11/2025,F7,"4,8",
831,R22,20/11/2025,F11,"6,2",
869,R22,20/11/2025,F15,"8,6",
080D,R22,20/11/2025,I1,"1,8",
826,R22,20/11/2025,I5,"6,6",
080E,R22,20/11/2025,I9,"5,1",
841,R22,20/11/2025,I13,"5,5",
865,R22,20/11/2025,I17,"9,7",
844,R22,20/11/2025,K1,"6,4",
809,R22,20/11/2025,K5,"4,3",
082D,R22,20/11/2025,K9,"7,7",
830,R22,20/11/2025,K13,"3,6",
827,R22,20/11/2025,K17,"3,5",
874,R22,20/11/2025,H19,"5,9",
829,R22,20/11/2025,H3,"2,5",
864,R22,20/11/2025,H7,"9,3",
854,R22,20/11/2025,H11,"8,2",
082E,R22,20/11/2025,H15,"7,8",
866,R22,20/11/2025,J3,"6,3",
876,R22,20/11/2025,J7,"1,1",
847,R22,20/11/2025,J11,"9,9",
083A,R22,20/11/2025,J15,"9,7",
873,R22,21/11/2025,M17,"1,6",
842,R22,20/11/2025,J19,"7,4",
855,R22,21/11/2025,M1,"1,3",
835,R22,21/11/2025,M5,"5,4",
848,R22,21/11/2025,M9,"1,2",
080A,R22,21/11/2025,M13,"5,5",
852,R22,21/11/2025,L19,"5,9",
086A,R22,21/11/2025,L3,"9,3",
840,R22,21/11/2025,L7,"4,2",
822,R22,21/11/2025,L11,"7,3",
081A,R22,21/11/2025,L15,"3,5",
858,R22,21/11/2025,O1,"7,2",
081D,R22,21/11/2025,O5,"6,1",
083D,R22,21/11/2025,O9,"7,4",
870,R22,21/11/2025,O13,"1,8",
859,R22,21/11/2025,O17,"3,4",
828,R22,21/11/2025,Q1,"2,5",
819,R22,21/11/2025,Q5,"7,3",
083C,R22,21/11/2025,Q9,"4,7",
082A,R22,21/11/2025,Q13,"6,8",
868,R22,21/11/2025,Q17,"3,4",
825,R22,21/11/2025,N19,"7,3",
808,R22,21/11/2025,N3,"9,9",
838,R22,21/11/2025,N7,"2,2",
802,R22,21/11/2025,N11,"5,1",
823,R22,21/11/2025,N15,"3,8",
083E,R22,21/11/2025,P19,"5,5",
084A,R22,21/11/2025,P3,"3,3",
818,R22,21/11/2025,P7,"4,7",
849,R22,21/11/2025,P11,"5,9",
856,R22,21/11/2025,P15,"1,9",
812,R22,21/11/2025,S1,"4,7",
861,R22,21/11/2025,S5,"6,3",
810,R22,21/11/2025,S9,"6,8",
837,R22,21/11/2025,S13,"7,6",
815,R22,21/11/2025,S17,"3,1",
083F,R22,21/11/2025,R3,"9,4",
082B,R22,21/11/2025,R7,"8,6",
843,R22,21/11/2025,R11,"6,4",
875,R22,21/11/2025,R15,"9,4",
085D,R22,21/11/2025,T19,"8,2",
085A,R22,21/11/2025,U1,"7,6",
807,R22,21/11/2025,U5,"2,6",
080B,R22,21/11/2025,U9,"2,9",
083B,R22,21/11/2025,U13,"8,7",
086D,R22,21/11/2025,U17,"5,6",
805,R22,21/11/2025,T3,"5,4",
081C,R22,21/11/2025,T7,"9,2",
804,R22,21/11/2025,T11,"1,4",
086F,R22,21/11/2025,T15,"7,1",
817,R22,21/11/2025,R19,"4,9",