Time,LoggerPosition,RodentID,RodentSpecies,RodentSex
2024-09-05 21:48:37,L18,EWMG20,MG,F
2024-09-05 21:49:59,L18,EWMG20,MG,F
2024-09-08 02:37:44,L18,EW109,AS,M
2024-09-08 02:38:55,L18,EW109,AS,M
2024-09-08 02:39:21,L18,EW109,AS,M
2024-09-09 21:11:50,L18,EW109,AS,M
2024-09-09 21:14:30,L18,EW109,AS,M
2024-09-09 21:14:52,L18,EW109,AS,M
2024-09-11 03:58:27,L18,EW45,AS,M
2024-09-11 03:58:58,L18,EW45,AS,M
2024-09-11 03:59:29,L18,EW45,AS,M
2024-09-11 04:00:25,L18,EW45,AS,M
2024-09-11 04:00:43,L18,EW45,AS,M
2024-09-11 20:42:55,L18,EW109,AS,M
2024-09-11 20:43:56,L18,EW109,AS,M
2024-09-11 22:28:09,L18,EW45,AS,M
2024-09-12 01:53:39,L18,EW45,AS,M
2024-09-12 01:53:57,L18,EW45,AS,M
2024-09-13 01:29:28,L18,EW45,AS,M
2024-09-14 20:23:25,L18,EW45,AS,M
2024-09-14 20:38:54,L18,EW109,AS,M
2024-09-15 22:39:16,L18,EW109,AS,M
2024-09-16 20:51:07,L18,EW109,AS,M
2024-09-17 02:46:50,L18,EW45,AS,M
2024-09-18 04:54:34,L18,EW86,AS,F
2024-11-23 19:10:59,L18,EW45,AS,M
2024-11-23 19:12:54,L18,EW45,AS,M
2024-11-23 19:13:29,L18,EW45,AS,M
2024-11-23 20:23:11,L18,EW131,AS,M
2024-11-23 20:24:05,L18,EW131,AS,M
2024-11-23 20:24:44,L18,EW131,AS,M
2024-11-23 20:25:12,L18,EW131,AS,M
2024-11-23 20:26:28,L18,EW131,AS,M
2024-11-23 20:27:02,L18,EW131,AS,M
2024-11-24 05:06:40,L18,EW131,AS,M
2024-11-24 22:52:38,L18,EW86,AS,F
2024-11-24 22:53:09,L18,EW86,AS,F
2024-11-24 22:54:03,L18,EW86,AS,F
2024-11-24 22:55:20,L18,EW86,AS,F
2024-11-27 02:02:05,L18,EW131,AS,M
2024-11-28 20:46:36,L18,EW131,AS,M
2024-11-28 20:51:40,L18,EW86,AS,F
2024-12-01 22:23:41,L18,EW45,AS,M
2024-12-02 03:25:30,L18,EW131,AS,M
2024-12-02 21:01:03,L18,EW86,AS,F
2024-12-04 21:45:58,L18,EW45,AS,M
2024-12-05 02:06:04,M17,EW45,AS,M
2024-12-05 02:42:38,M17,EW131,AS,M
2024-12-05 19:52:35,M17,EW131,AS,M
2024-12-06 01:36:22,M17,EW45,AS,M
2024-12-06 01:37:25,M17,EW45,AS,M
2024-12-06 01:38:03,M17,EW45,AS,M
2024-12-06 01:58:47,M17,EW99,AS,F
2024-12-06 03:55:26,M17,EW131,AS,M
2024-12-08 04:35:42,M17,EW45,AS,M
2024-12-15 20:10:24,M17,EW131,AS,M
2024-12-17 23:38:53,M17,EW131,AS,M
2024-12-18 01:27:39,M17,EW88,AS,M
2024-12-18 22:17:32,M17,EW131,AS,M
2024-12-18 23:33:15,M17,EW137,AS,F
2024-12-20 22:34:15,M17,EW131,AS,M
2024-12-23 23:23:38,M17,EW131,AS,M
2024-12-25 22:25:07,M17,EW131,AS,M
2024-12-27 20:19:54,M17,EW131,AS,M
2025-01-01 04:20:50,M18,EW131,AS,M
2025-01-01 04:21:30,M18,EW131,AS,M
2025-01-01 04:21:57,M18,EW131,AS,M
2025-01-01 19:58:39,M18,EW131,AS,M
2025-01-05 00:09:51,M18,EW131,AS,M
2025-01-05 00:10:20,M18,EW131,AS,M
2025-01-05 00:10:47,M18,EW131,AS,M
2025-01-05 00:11:09,M18,EW131,AS,M
2025-01-05 00:14:34,M18,EW131,AS,M
2025-01-06 20:07:09,M18,EW131,AS,M
2025-01-09 16:50:11,M18,EWMG22,MG,M
2025-01-11 17:23:23,M19,EWMG28,MG,M
2025-01-11 17:24:03,M19,EWMG28,MG,M
2025-01-12 20:49:22,M19,EWMG28,MG,M
2025-01-14 00:29:31,M19,EWMG28,MG,M
2025-01-14 03:54:47,M19,EWMG22,MG,M
2025-01-15 04:59:20,M19,EWMG40,MG,M
2025-01-16 17:11:40,M19,EWMG40,MG,M
2025-01-16 20:16:38,M19,EWMG40,MG,M
2025-01-17 01:25:37,M19,EWMG22,MG,M
2025-01-17 08:25:48,M19,EWMG40,MG,M
2025-01-17 17:25:11,M19,EWMG28,MG,M
2025-01-18 08:17:56,M19,EWMG40,MG,M
2025-01-19 22:59:37,M19,EWMG40,MG,M
2025-01-19 22:59:54,M19,EWMG40,MG,M
2025-01-20 05:05:38,M19,EWMG40,MG,M
2025-01-20 19:51:58,M19,EWMG40,MG,M
2025-01-21 19:55:42,M19,EWMG40,MG,M
2025-01-23 19:50:54,M19,EW88,AS,M
2025-01-24 21:39:14,M19,EWMG40,MG,M
2025-01-24 21:39:15,M19,EWMG40,MG,M
2025-01-24 21:41:38,M19,EWMG40,MG,M
2025-01-24 21:44:38,M19,EWMG40,MG,M
2025-01-27 01:13:20,M20,EWMG40,MG,M
2025-01-27 01:13:50,M20,EWMG40,MG,M
2025-01-28 21:35:19,M20,EWMG28,MG,M
2025-01-30 05:18:50,M20,EWMG28,MG,M
2025-01-31 05:03:22,M20,EWMG22,MG,M
2025-02-01 02:22:34,M20,EW88,AS,M
2025-02-02 06:18:21,M20,EWMG28,MG,M
2025-02-02 16:57:44,M20,EWMG28,MG,M
2025-02-03 06:57:47,M20,EWMG28,MG,M
2025-02-03 06:58:36,M20,EWMG28,MG,M
2025-02-03 06:58:53,M20,EWMG28,MG,M
2025-02-03 07:00:44,M20,EWMG28,MG,M
2025-02-03 07:02:09,M20,EWMG28,MG,M
2025-02-03 07:02:39,M20,EWMG28,MG,M
2025-02-03 07:02:58,M20,EWMG28,MG,M
2025-02-05 06:56:52,M20,EWMG28,MG,M
2025-02-06 02:40:13,M20,EWMG28,MG,M
2025-04-19 02:14:00,M3,EW217,AS,F
2025-04-19 02:14:34,M3,EW217,AS,F
2025-04-19 02:14:53,M3,EW217,AS,F
2024-10-07 22:18:17,T10,EW82,AS,F
2024-10-07 22:18:19,T10,EW82,AS,F
2024-10-07 22:18:20,T10,EW82,AS,F
2024-10-07 22:18:22,T10,EW82,AS,F
2024-10-07 22:18:23,T10,EW82,AS,F
2024-10-07 22:18:24,T10,EW82,AS,F
2024-10-07 22:18:25,T10,EW82,AS,F
2024-10-07 22:18:26,T10,EW82,AS,F
2024-10-07 22:18:27,T10,EW82,AS,F
2024-10-07 22:18:28,T10,EW82,AS,F
2024-10-07 22:18:30,T10,EW82,AS,F
2024-10-07 22:18:31,T10,EW82,AS,F
2024-10-07 22:18:32,T10,EW82,AS,F
2024-10-07 22:18:34,T10,EW82,AS,F
2024-10-07 22:18:35,T10,EW82,AS,F
2024-10-07 22:18:51,T10,EW82,AS,F
2024-10-08 01:01:29,T11,EW94,AS,F
2024-10-08 01:01:30,T11,EW94,AS,F
2024-10-08 01:01:33,T11,EW94,AS,F
2024-10-08 01:19:05,T11,EW128,AS,M
2024-10-08 01:19:07,T11,EW128,AS,M
2024-10-08 01:19:08,T11,EW128,AS,M
2024-10-08 01:19:09,T11,EW128,AS,M
2024-10-08 01:19:10,T11,EW128,AS,M
2024-10-08 01:19:11,T11,EW128,AS,M
2024-10-08 01:19:12,T11,EW128,AS,M
2024-10-08 01:19:13,T11,EW128,AS,M
2024-10-08 01:19:20,T11,EW128,AS,M
2024-10-08 01:19:21,T11,EW128,AS,M
2024-10-08 01:19:23,T11,EW128,AS,M
2024-10-08 01:19:26,T11,EW128,AS,M
2024-10-08 01:19:28,T11,EW128,AS,M
2024-10-08 01:19:30,T11,EW128,AS,M
2024-10-08 01:19:31,T11,EW128,AS,M
2024-10-08 01:19:38,T11,EW128,AS,M
2024-10-08 01:19:39,T11,EW128,AS,M
2024-10-08 01:19:42,T11,EW128,AS,M
2024-10-08 02:09:24,T11,EW114,AS,M
2024-10-08 02:09:27,T11,EW114,AS,M
2024-10-08 02:09:30,T11,EW114,AS,M
2024-10-08 02:13:50,T11,EW128,AS,M
2024-10-08 02:13:52,T11,EW128,AS,M
2024-10-08 02:13:53,T11,EW128,AS,M
2024-10-08 02:13:54,T11,EW128,AS,M
2024-10-08 02:13:57,T11,EW128,AS,M
2024-10-08 02:13:59,T11,EW128,AS,M
2024-10-08 02:14:00,T11,EW128,AS,M
2024-10-08 02:15:32,T11,EW128,AS,M
2024-10-08 20:15:20,T11,EW128,AS,M
2024-10-08 20:15:21,T11,EW128,AS,M
2024-10-08 20:49:59,T11,EW82,AS,F
2024-10-09 00:30:11,T11,EW114,AS,M
2024-10-09 00:30:12,T11,EW114,AS,M
2024-10-09 03:17:36,T11,EW82,AS,F
2024-10-09 03:17:37,T11,EW82,AS,F
2024-10-09 03:17:38,T11,EW82,AS,F
2024-10-09 03:36:13,T11,EW128,AS,M
2024-10-11 04:47:30,T11,EW99,AS,F
2024-10-11 19:14:20,T11,EW128,AS,M
2024-10-11 19:14:21,T11,EW128,AS,M
2024-10-11 19:14:22,T11,EW128,AS,M
2024-10-12 05:15:15,T11,EW99,AS,F
2024-10-12 05:15:22,T11,EW99,AS,F
2024-10-12 05:15:25,T11,EW99,AS,F
2024-10-12 21:19:37,T11,EW82,AS,F
2024-10-12 21:19:38,T11,EW82,AS,F
2024-10-13 04:33:59,T11,EW114,AS,M
2024-10-13 04:47:34,T11,EW128,AS,M
2024-10-13 04:47:36,T11,EW128,AS,M
2024-10-13 04:47:42,T11,EW128,AS,M
2024-10-13 04:47:44,T11,EW128,AS,M
2024-10-13 04:47:55,T11,EW128,AS,M
2024-10-13 04:47:58,T11,EW128,AS,M
2024-10-13 04:48:06,T11,EW128,AS,M
2024-10-13 04:48:08,T11,EW128,AS,M
2024-10-13 04:49:48,T11,EW128,AS,M
2024-10-13 04:49:58,T11,EW128,AS,M
2024-10-13 04:50:07,T11,EW128,AS,M
2024-10-13 04:50:08,T11,EW128,AS,M
2024-10-13 23:29:59,T11,EW128,AS,M
2024-10-13 23:30:07,T11,EW128,AS,M
2024-10-13 23:30:09,T11,EW128,AS,M
2024-10-13 23:30:12,T11,EW128,AS,M
2024-10-13 23:30:15,T11,EW128,AS,M
2024-10-13 23:30:18,T11,EW128,AS,M
2024-10-13 23:30:22,T11,EW128,AS,M
2024-10-14 02:58:26,T11,EW94,AS,F
2024-10-14 02:58:27,T11,EW94,AS,F
2024-10-14 04:39:11,T11,EW128,AS,M
2024-10-14 04:39:12,T11,EW128,AS,M
2024-10-14 05:22:35,T11,EW128,AS,M
2024-10-14 05:22:36,T11,EW128,AS,M
2024-10-14 05:22:38,T11,EW128,AS,M
2024-10-14 05:23:48,T11,EW128,AS,M
2024-10-14 05:23:49,T11,EW128,AS,M
2024-10-14 19:35:11,T11,EW28,AS,M
2024-10-14 19:35:26,T11,EW28,AS,M
2024-10-16 02:55:06,T11,EW94,AS,F
2024-10-16 02:55:10,T11,EW94,AS,F
2024-10-16 19:19:34,T11,EW128,AS,M
2024-10-16 19:19:36,T11,EW128,AS,M
2024-10-16 19:19:37,T11,EW128,AS,M
2024-10-16 19:19:38,T11,EW128,AS,M
2024-10-16 19:19:40,T11,EW128,AS,M
2024-10-16 19:19:43,T11,EW128,AS,M
2024-10-16 19:19:44,T11,EW128,AS,M
2024-10-16 19:19:46,T11,EW128,AS,M
2024-10-17 04:31:15,T11,EW128,AS,M
2024-10-18 02:00:55,T11,EW206,AS,F
2024-10-18 02:00:59,T11,EW206,AS,F
2024-10-18 02:01:01,T11,EW206,AS,F
2024-10-18 02:01:04,T11,EW206,AS,F
2024-10-18 02:01:05,T11,EW206,AS,F
2024-10-18 02:01:12,T11,EW206,AS,F
2024-10-18 02:01:13,T11,EW206,AS,F
2024-10-18 02:01:16,T11,EW206,AS,F
2024-10-18 02:01:18,T11,EW206,AS,F
2024-10-18 02:01:19,T11,EW206,AS,F
2024-10-18 02:01:22,T11,EW206,AS,F
2024-10-18 02:01:24,T11,EW206,AS,F
2024-10-18 02:01:25,T11,EW206,AS,F
2024-10-18 05:37:15,T11,EW114,AS,M
2024-10-18 05:37:18,T11,EW114,AS,M
2024-10-18 05:37:19,T11,EW206,AS,F
2024-10-18 05:37:21,T11,EW206,AS,F
2024-10-18 05:37:24,T11,EW114,AS,M
2024-10-18 18:38:50,T11,EW206,AS,F
2024-10-18 19:11:13,T11,EW128,AS,M
2024-10-18 21:11:13,T11,EW206,AS,F
2024-10-18 21:11:15,T11,EW206,AS,F
2024-10-18 21:11:20,T11,EW206,AS,F
2024-10-18 21:11:21,T11,EW206,AS,F
2024-10-19 04:56:27,T11,EW128,AS,M
2024-10-19 04:56:28,T11,EW128,AS,M
2024-10-20 01:59:23,T11,EW128,AS,M
2024-10-26 00:40:27,T12,EW206,AS,F
2024-10-26 00:40:32,T12,EW206,AS,F
2024-10-26 00:40:34,T12,EW206,AS,F
2024-10-26 00:40:37,T12,EW206,AS,F
2024-10-26 00:40:39,T12,EW206,AS,F
2024-10-26 00:40:53,T12,EW206,AS,F
2024-10-26 00:40:56,T12,EW206,AS,F
2024-10-26 00:40:58,T12,EW206,AS,F
2024-10-26 23:18:39,T12,EW128,AS,M
2024-10-26 23:18:41,T12,EW128,AS,M
2024-10-26 23:18:42,T12,EW128,AS,M
2024-10-26 23:18:43,T12,EW128,AS,M
2024-10-26 23:18:44,T12,EW128,AS,M
2024-10-26 23:18:45,T12,EW128,AS,M
2024-10-26 23:18:46,T12,EW128,AS,M
2024-10-26 23:18:48,T12,EW128,AS,M
2024-10-28 00:24:44,T12,EW206,AS,F
2024-11-06 05:01:56,T12,EW206,AS,F
2024-11-06 05:01:58,T12,EW206,AS,F
2024-11-23 20:37:39,T14,EW27,AS,M
2024-11-23 20:37:40,T14,EW27,AS,M
2024-11-23 23:27:28,T14,EW124,AS,M
2024-11-23 23:27:29,T14,EW124,AS,M
2024-11-23 23:27:30,T14,EW124,AS,M
2024-11-24 20:32:19,T14,EW27,AS,M
2024-11-24 20:32:20,T14,EW27,AS,M
2024-11-24 20:32:21,T14,EW27,AS,M
2024-12-01 19:46:51,T14,EW150,AS,F
2024-12-01 19:46:56,T14,EW150,AS,F
2024-12-01 19:46:58,T14,EW150,AS,F
2024-12-01 19:47:00,T14,EW150,AS,F
2024-12-01 19:47:01,T14,EW150,AS,F
2024-12-01 19:47:02,T14,EW150,AS,F
2024-12-01 19:47:03,T14,EW150,AS,F
2024-12-01 19:47:05,T14,EW150,AS,F
2024-12-01 19:47:07,T14,EW150,AS,F
2024-12-01 19:47:09,T14,EW150,AS,F
2024-12-01 19:47:12,T14,EW150,AS,F
2024-12-01 19:47:15,T14,EW150,AS,F
2024-12-05 01:29:00,U13,EW216,AS,M
2024-12-05 01:29:01,U13,EW216,AS,M
2024-12-05 02:08:34,U13,EW150,AS,F
2024-12-05 02:08:35,U13,EW150,AS,F
2024-12-05 02:08:37,U13,EW150,AS,F
2024-12-05 02:08:38,U13,EW150,AS,F
2024-12-05 02:08:39,U13,EW150,AS,F
2024-12-05 02:08:41,U13,EW150,AS,F
2024-12-05 02:44:04,U13,EW216,AS,M
2024-12-05 02:44:05,U13,EW216,AS,M
2024-12-05 02:44:06,U13,EW216,AS,M
2024-12-05 02:44:07,U13,EW216,AS,M
2024-12-06 03:45:12,U13,EW150,AS,F
2024-12-06 03:45:13,U13,EW150,AS,F
2024-12-06 03:45:14,U13,EW150,AS,F
2024-12-06 03:45:21,U13,EW150,AS,F
2024-12-06 03:45:22,U13,EW150,AS,F
2024-12-06 03:45:24,U13,EW150,AS,F
2024-12-06 03:45:25,U13,EW150,AS,F
2024-12-06 03:45:26,U13,EW150,AS,F
2024-12-06 03:45:27,U13,EW150,AS,F
2024-12-06 03:45:28,U13,EW150,AS,F
2024-12-06 22:26:38,U13,EW230,AS,M
2024-12-06 22:26:42,U13,EW230,AS,M
2024-12-06 22:26:43,U13,EW230,AS,M
2024-12-13 17:56:50,U13,EW216,AS,M
2024-12-18 18:04:16,U13,EW230,AS,M
2024-12-18 18:04:18,U13,EW230,AS,M
2024-12-18 18:04:25,U13,EW230,AS,M
2024-12-18 22:03:12,U13,EW216,AS,M
2024-12-18 22:03:15,U13,EW216,AS,M
2024-12-18 22:03:16,U13,EW216,AS,M
2024-12-18 22:03:17,U13,EW216,AS,M
2024-12-18 22:03:18,U13,EW216,AS,M
2024-12-18 22:03:20,U13,EW216,AS,M
2024-12-24 19:50:18,U13,EW216,AS,M
2024-12-25 19:10:12,U13,EW212,AS,M
2024-12-25 19:10:13,U13,EW212,AS,M
2024-12-25 19:10:15,U13,EW212,AS,M
2024-12-25 19:10:16,U13,EW212,AS,M
2024-12-25 19:10:17,U13,EW212,AS,M
2024-12-25 19:10:18,U13,EW212,AS,M
2024-12-25 19:10:19,U13,EW212,AS,M
2024-12-25 19:10:20,U13,EW212,AS,M
2024-12-25 19:10:21,U13,EW212,AS,M
2024-12-26 19:03:32,U13,EW150,AS,F
2024-12-26 19:03:33,U13,EW150,AS,F
2024-12-26 19:03:34,U13,EW150,AS,F
2024-12-26 19:03:39,U13,EW150,AS,F
2024-12-26 19:03:41,U13,EW150,AS,F
2024-12-27 01:18:53,U13,EW212,AS,M
2024-12-27 01:18:54,U13,EW212,AS,M
2024-12-27 01:19:04,U13,EW212,AS,M
2024-12-27 01:19:17,U13,EW212,AS,M
2025-01-01 04:15:00,U14,EW150,AS,F
2025-01-01 04:15:01,U14,EW150,AS,F
2025-01-01 04:15:05,U14,EW150,AS,F
2025-01-01 04:15:06,U14,EW150,AS,F
2025-01-01 04:15:08,U14,EW150,AS,F
2025-01-01 04:15:10,U14,EW150,AS,F
2025-01-01 04:15:12,U14,EW150,AS,F
2025-01-01 04:15:13,U14,EW150,AS,F
2025-01-01 04:15:57,U14,EW150,AS,F
2025-01-01 04:15:58,U14,EW150,AS,F
2025-01-01 04:16:00,U14,EW150,AS,F
2025-01-01 04:16:01,U14,EW150,AS,F
2025-01-01 04:16:02,U14,EW150,AS,F
2025-01-01 04:16:03,U14,EW150,AS,F
2025-01-01 04:16:04,U14,EW150,AS,F
2025-01-01 04:16:08,U14,EW150,AS,F
2025-01-01 04:16:18,U14,EW150,AS,F
2025-01-04 20:10:59,U14,EWMG34,MG,F
2025-01-04 20:11:00,U14,EWMG34,MG,F
2025-01-04 20:11:04,U14,EWMG34,MG,F
2025-01-04 20:11:05,U14,EWMG34,MG,F
2025-01-04 20:11:06,U14,EWMG34,MG,F
2025-01-04 20:11:07,U14,EWMG34,MG,F
2025-01-04 20:11:09,U14,EWMG34,MG,F
2025-01-04 20:11:12,U14,EWMG34,MG,F
2025-01-10 20:18:42,U14,EW212,AS,M
2025-01-10 20:18:43,U14,EW212,AS,M
2025-01-10 20:18:45,U14,EW212,AS,M
2025-01-11 17:58:48,U15,EW212,AS,M
2025-01-11 17:58:49,U15,EW212,AS,M
2025-01-11 17:58:50,U15,EW212,AS,M
2025-01-11 17:58:51,U15,EW212,AS,M
2025-01-11 17:58:56,U15,EW212,AS,M
2025-01-11 17:58:58,U15,EW212,AS,M
2025-01-11 17:58:59,U15,EW212,AS,M
2025-01-11 18:04:36,U15,EW212,AS,M
2025-01-11 20:00:22,U15,EW212,AS,M
2025-01-11 20:00:25,U15,EW212,AS,M
2025-01-13 17:49:23,U15,EW212,AS,M
2025-01-13 17:49:24,U15,EW212,AS,M
2025-01-13 17:49:25,U15,EW212,AS,M
2025-01-13 17:49:30,U15,EW212,AS,M
2025-01-15 18:03:32,U15,EW212,AS,M
2025-01-15 18:03:37,U15,EW212,AS,M
2025-01-15 18:03:38,U15,EW212,AS,M
2025-01-17 02:57:12,U15,EW212,AS,M
2025-01-17 02:57:14,U15,EW212,AS,M
2025-01-17 02:57:16,U15,EW212,AS,M
2025-01-17 02:57:19,U15,EW212,AS,M
2025-01-18 18:54:36,U15,EW212,AS,M
2025-01-18 18:54:38,U15,EW212,AS,M
2025-01-18 18:54:52,U15,EW212,AS,M
2025-01-18 18:54:58,U15,EW212,AS,M
2025-01-18 18:55:01,U15,EW212,AS,M
2025-01-23 06:13:02,U15,EW212,AS,M
2025-01-23 06:13:04,U15,EW212,AS,M
2025-01-23 06:13:05,U15,EW212,AS,M
2025-01-27 03:27:22,U16,EW212,AS,M
2025-01-27 03:27:25,U16,EW212,AS,M
2025-01-27 03:27:27,U16,EW212,AS,M
2025-01-27 00:08:28,I8,EWMG35,MG,M
2024-11-25 03:03:24,H6,EW148,AS,F
2024-11-25 03:06:31,H6,EW148,AS,F
2024-11-25 03:11:34,H6,EW148,AS,F
2024-11-29 00:33:03,H6,EW148,AS,F
2024-11-29 01:59:11,H6,EW104,AS,F
2024-11-29 23:37:10,H6,EW148,AS,F
2024-12-01 03:58:07,H6,EW148,AS,F
2024-12-17 21:39:36,I5,EW211,AS,F
2024-12-22 00:33:18,I5,EW211,AS,F
2024-12-23 23:58:28,I5,EW211,AS,F
2024-12-24 02:16:49,I5,EW132A,AS,M
2024-12-24 03:07:25,I5,EW132A,AS,M
2024-12-28 04:45:27,I5,EW132A,AS,M
2024-11-12 02:08:53,H5,EW106,AS,M
2024-11-15 05:01:57,H5,EW112,AS,M
2024-11-15 05:03:14,H5,EW112,AS,M
2024-11-17 20:42:22,H5,EW112,AS,M
2024-11-17 20:43:52,H5,EW112,AS,M
2024-11-17 21:38:54,H5,EW112,AS,M
2024-11-18 20:41:42,H5,EW132A,AS,M
2024-11-19 03:12:31,H5,EW112,AS,M
2024-11-20 21:57:55,H5,EW104,AS,F
2024-11-21 20:49:47,H5,EW104,AS,F
2024-11-22 21:23:08,H6,EW112,AS,M
2024-11-23 22:32:04,H6,EW148,AS,F
2024-10-23 20:05:14,H3,EW77,AS,F
2024-10-25 00:22:55,H4,EW77,AS,F
2024-10-25 01:18:27,H4,EW77,AS,F
2024-10-31 18:45:41,H4,EW77,AS,F
2024-11-04 00:52:53,H4,EW77,AS,F
2024-11-04 00:53:35,H4,EW77,AS,F
2024-11-04 00:56:47,H4,EW77,AS,F
2024-11-04 00:57:13,H4,EW77,AS,F
2024-11-05 00:23:01,H4,EW77,AS,F
2024-11-05 00:23:24,H4,EW77,AS,F
2025-01-06 03:18:45,I6,EW132A,AS,M
2025-01-09 01:38:54,I6,EW132A,AS,M
2024-09-03 21:49:00,H10,EW84,AS,F
2024-09-03 21:49:03,H10,EW84,AS,F
2024-09-03 21:49:08,H10,EW84,AS,F
2024-09-03 21:49:14,H10,EW84,AS,F
2024-09-03 21:49:17,H10,EW84,AS,F
2024-09-03 21:49:19,H10,EW84,AS,F
2024-09-03 21:49:20,H10,EW84,AS,F
2024-09-03 21:49:25,H10,EW84,AS,F
2024-09-03 21:49:30,H10,EW84,AS,F
2024-09-03 21:49:33,H10,EW84,AS,F
2024-09-03 21:49:35,H10,EW84,AS,F
2024-09-03 21:49:39,H10,EW84,AS,F
2024-09-03 21:49:42,H10,EW84,AS,F
2024-09-03 21:49:43,H10,EW84,AS,F
2024-09-03 21:49:45,H10,EW84,AS,F
2024-09-03 21:49:54,H10,EW84,AS,F
2024-09-03 21:49:55,H10,EW84,AS,F
2024-09-03 21:49:57,H10,EW84,AS,F
2024-09-03 21:50:25,H10,EW84,AS,F
2024-09-03 21:50:27,H10,EW84,AS,F
2024-09-03 21:50:29,H10,EW84,AS,F
2024-09-03 21:50:30,H10,EW84,AS,F
2024-09-03 21:50:38,H10,EW84,AS,F
2024-09-03 21:50:40,H10,EW84,AS,F
2024-09-03 21:50:44,H10,EW84,AS,F
2024-09-03 21:50:48,H10,EW84,AS,F
2024-09-03 21:50:59,H10,EW84,AS,F
2024-09-03 21:51:01,H10,EW84,AS,F
2024-09-03 21:51:03,H10,EW84,AS,F
2024-09-03 21:51:36,H10,EW84,AS,F
2024-09-03 21:52:17,H10,EW84,AS,F
2024-09-03 21:52:24,H10,EW84,AS,F
2024-09-03 21:52:29,H10,EW84,AS,F
2024-09-03 21:53:40,H10,EW84,AS,F
2024-09-03 21:54:11,H10,EW84,AS,F
2024-09-03 21:54:13,H10,EW84,AS,F
2024-09-03 21:54:22,H10,EW84,AS,F
2024-09-03 21:54:24,H10,EW84,AS,F
2024-09-03 21:54:25,H10,EW84,AS,F
2024-09-03 21:54:26,H10,EW84,AS,F
2024-09-03 21:54:29,H10,EW84,AS,F
2024-09-03 21:54:30,H10,EW84,AS,F
2024-09-03 22:00:22,H10,EW84,AS,F
2024-09-03 22:00:28,H10,EW84,AS,F
2024-09-03 22:00:33,H10,EW84,AS,F
2024-09-04 00:51:49,H10,EW84,AS,F
2024-09-04 00:51:51,H10,EW84,AS,F
2024-09-04 20:05:59,H10,EW84,AS,F
2024-09-04 21:37:14,H10,EW84,AS,F
2024-09-04 21:37:26,H10,EW84,AS,F
2024-09-04 21:37:27,H10,EW84,AS,F
2024-09-05 00:53:10,H10,EW84,AS,F
2024-09-05 00:53:26,H10,EW84,AS,F
2024-09-05 00:53:35,H10,EW84,AS,F
2024-09-05 00:53:39,H10,EW84,AS,F
2024-09-05 00:53:40,H10,EW84,AS,F
2024-09-05 00:53:45,H10,EW84,AS,F
2024-09-05 02:02:00,H10,EW84,AS,F
2024-09-05 02:02:09,H10,EW84,AS,F
2024-09-05 02:02:18,H10,EW84,AS,F
2024-09-05 02:02:20,H10,EW84,AS,F
2024-09-05 02:02:28,H10,EW84,AS,F
2024-09-05 02:02:36,H10,EW84,AS,F
2024-09-05 02:02:39,H10,EW84,AS,F
2024-09-05 02:02:41,H10,EW84,AS,F
2024-09-05 02:02:45,H10,EW84,AS,F
2024-09-05 02:02:49,H10,EW84,AS,F
2024-09-05 02:02:50,H10,EW84,AS,F
2024-09-05 02:02:56,H10,EW84,AS,F
2024-09-05 02:03:18,H10,EW84,AS,F
2024-09-05 02:03:19,H10,EW84,AS,F
2024-09-05 02:03:21,H10,EW84,AS,F
2024-09-05 02:03:23,H10,EW84,AS,F
2024-09-05 02:03:24,H10,EW84,AS,F
2024-09-05 21:37:59,H10,EW84,AS,F
2024-09-05 21:38:00,H10,EW84,AS,F
2024-09-05 22:27:10,H10,EW84,AS,F
2024-09-05 22:27:12,H10,EW84,AS,F
2024-09-05 22:30:34,H10,EW84,AS,F
2024-09-05 23:18:42,H10,EW54,AS,M
2024-09-05 23:18:43,H10,EW54,AS,M
2024-09-06 21:55:30,H10,EW84,AS,F
2024-09-06 21:55:33,H10,EW84,AS,F
2024-09-06 21:55:35,H10,EW84,AS,F
2024-09-07 20:10:07,H10,EW84,AS,F
2024-09-07 20:10:09,H10,EW84,AS,F
2024-09-08 00:42:25,H10,EW84,AS,F
2024-09-08 00:42:27,H10,EW84,AS,F
2024-09-08 00:42:28,H10,EW84,AS,F
2024-09-08 00:42:31,H10,EW84,AS,F
2024-09-08 00:42:45,H10,EW84,AS,F
2024-09-08 00:42:49,H10,EW84,AS,F
2024-09-08 00:42:51,H10,EW84,AS,F
2024-09-08 00:42:53,H10,EW84,AS,F
2024-09-08 00:42:55,H10,EW84,AS,F
2024-09-09 01:30:25,H10,EW45,AS,M
2024-09-09 01:30:31,H10,EW45,AS,M
2024-09-09 01:30:32,H10,EW45,AS,M
2024-09-09 01:30:39,H10,EW45,AS,M
2024-09-09 01:30:41,H10,EW45,AS,M
2024-09-09 01:30:46,H10,EW45,AS,M
2024-09-09 01:30:47,H10,EW45,AS,M
2024-09-09 01:30:48,H10,EW45,AS,M
2024-09-09 01:30:50,H10,EW45,AS,M
2024-09-09 01:30:52,H10,EW45,AS,M
2024-09-09 01:30:53,H10,EW45,AS,M
2024-09-09 01:30:56,H10,EW45,AS,M
2024-09-09 01:30:59,H10,EW45,AS,M
2024-09-09 01:31:00,H10,EW45,AS,M
2024-09-09 01:31:01,H10,EW45,AS,M
2024-09-09 01:31:03,H10,EW45,AS,M
2024-09-09 01:31:04,H10,EW45,AS,M
2024-09-09 01:31:05,H10,EW45,AS,M
2024-09-09 01:31:06,H10,EW45,AS,M
2024-09-09 01:31:07,H10,EW45,AS,M
2024-09-09 01:31:10,H10,EW45,AS,M
2024-09-09 01:31:11,H10,EW45,AS,M
2024-09-09 01:31:12,H10,EW45,AS,M
2024-09-09 01:31:13,H10,EW45,AS,M
2024-09-09 01:31:14,H10,EW45,AS,M
2024-09-09 01:31:15,H10,EW45,AS,M
2024-09-09 01:31:18,H10,EW45,AS,M
2024-09-09 01:31:19,H10,EW45,AS,M
2024-09-09 01:31:20,H10,EW45,AS,M
2024-09-09 01:31:25,H10,EW45,AS,M
2024-09-09 01:31:26,H10,EW45,AS,M
2024-09-09 01:31:27,H10,EW45,AS,M
2024-09-10 01:43:51,H10,EW84,AS,F
2024-09-10 01:43:59,H10,EW84,AS,F
2024-09-10 01:44:02,H10,EW84,AS,F
2024-09-10 01:44:03,H10,EW84,AS,F
2024-09-10 01:44:15,H10,EW84,AS,F
2024-09-10 01:44:16,H10,EW84,AS,F
2024-09-10 01:44:18,H10,EW84,AS,F
2024-09-10 01:44:23,H10,EW84,AS,F
2024-09-10 01:44:24,H10,EW84,AS,F
2024-09-10 01:44:25,H10,EW84,AS,F
2024-09-10 01:44:27,H10,EW84,AS,F
2024-09-10 01:44:29,H10,EW84,AS,F
2024-09-10 01:44:30,H10,EW84,AS,F
2024-09-10 01:44:33,H10,EW84,AS,F
2024-09-10 01:44:34,H10,EW84,AS,F
2024-09-10 01:44:35,H10,EW84,AS,F
2024-09-10 01:44:36,H10,EW84,AS,F
2024-09-10 01:44:41,H10,EW84,AS,F
2024-09-10 01:44:42,H10,EW84,AS,F
2024-09-10 01:44:44,H10,EW84,AS,F
2024-09-10 01:44:45,H10,EW84,AS,F
2024-09-10 01:44:46,H10,EW84,AS,F
2024-09-11 22:20:44,H10,EW84,AS,F
2024-09-11 22:20:51,H10,EW84,AS,F
2024-09-11 22:20:55,H10,EW84,AS,F
2024-09-11 22:20:57,H10,EW84,AS,F
2024-09-11 22:20:58,H10,EW84,AS,F
2024-09-11 22:21:16,H10,EW84,AS,F
2024-09-11 22:21:18,H10,EW84,AS,F
2024-09-11 22:21:26,H10,EW84,AS,F
2024-09-11 22:21:27,H10,EW84,AS,F
2024-09-11 22:21:30,H10,EW84,AS,F
2024-09-11 22:21:35,H10,EW84,AS,F
2024-09-11 22:21:36,H10,EW84,AS,F
2024-09-11 22:21:38,H10,EW84,AS,F
2024-09-11 22:21:43,H10,EW84,AS,F
2024-09-11 22:21:45,H10,EW84,AS,F
2024-09-11 22:21:46,H10,EW84,AS,F
2024-09-11 22:21:48,H10,EW84,AS,F
2024-09-11 22:21:49,H10,EW84,AS,F
2024-09-11 22:21:51,H10,EW84,AS,F
2024-09-11 22:22:01,H10,EW84,AS,F
2024-09-11 22:22:02,H10,EW84,AS,F
2024-09-11 22:22:18,H10,EW84,AS,F
2024-09-11 22:22:35,H10,EW84,AS,F
2024-09-12 00:58:29,H10,EW84,AS,F
2024-09-12 00:58:31,H10,EW84,AS,F
2024-09-12 00:58:32,H10,EW84,AS,F
2024-09-12 00:58:34,H10,EW84,AS,F
2024-09-12 20:18:08,H10,EW84,AS,F
2024-09-12 20:18:15,H10,EW84,AS,F
2024-09-12 20:18:20,H10,EW84,AS,F
2024-09-13 21:14:45,H10,EW84,AS,F
2024-09-13 21:14:57,H10,EW84,AS,F
2024-09-13 21:15:06,H10,EW84,AS,F
2024-09-13 21:15:08,H10,EW84,AS,F
2024-09-13 21:15:09,H10,EW84,AS,F
2024-09-13 21:15:10,H10,EW84,AS,F
2024-09-13 21:15:12,H10,EW84,AS,F
2024-09-13 21:15:16,H10,EW84,AS,F
2024-09-14 02:35:06,H10,EW84,AS,F
2024-09-14 02:35:08,H10,EW84,AS,F
2024-09-14 02:35:10,H10,EW84,AS,F
2024-09-14 02:35:12,H10,EW84,AS,F
2024-09-14 02:35:14,H10,EW84,AS,F
2024-09-14 02:35:15,H10,EW84,AS,F
2024-09-14 02:35:19,H10,EW84,AS,F
2024-09-14 20:38:51,H10,EW84,AS,F
2024-09-14 20:38:55,H10,EW84,AS,F
2024-09-14 20:38:56,H10,EW84,AS,F
2024-09-14 20:39:04,H10,EW84,AS,F
2024-09-14 20:39:05,H10,EW84,AS,F
2024-09-14 20:39:10,H10,EW84,AS,F
2024-09-14 20:39:16,H10,EW84,AS,F
2024-09-14 20:39:19,H10,EW84,AS,F
2024-09-14 20:39:20,H10,EW84,AS,F
2024-09-15 02:40:42,H10,EW84,AS,F
2024-09-15 02:42:44,H10,EW84,AS,F
2024-09-15 02:42:49,H10,EW84,AS,F
2024-09-15 02:42:54,H10,EW84,AS,F
2024-09-15 02:43:33,H10,EW84,AS,F
2024-09-15 02:44:00,H10,EW84,AS,F
2024-09-15 02:44:11,H10,EW84,AS,F
2024-09-15 02:44:14,H10,EW84,AS,F
2024-09-15 02:44:16,H10,EW84,AS,F
2024-09-15 02:44:52,H10,EW84,AS,F
2024-09-15 02:44:53,H10,EW84,AS,F
2024-09-15 02:44:54,H10,EW84,AS,F
2024-09-15 02:44:55,H10,EW84,AS,F
2024-09-15 02:45:00,H10,EW84,AS,F
2024-09-18 03:50:23,H10,EW17,AS,M
2024-09-18 03:50:24,H10,EW17,AS,M
2024-09-18 21:40:32,H10,EW84,AS,F
2024-09-18 21:40:38,H10,EW84,AS,F
2024-09-18 21:40:41,H10,EW84,AS,F
2024-09-18 21:40:42,H10,EW84,AS,F
2024-09-18 21:43:51,H10,EW54,AS,M
2024-09-20 19:39:28,H10,EW17,AS,M
2024-09-20 19:39:29,H10,EW17,AS,M
2024-09-20 19:39:31,H10,EW17,AS,M
2024-09-20 19:39:34,H10,EW17,AS,M
2024-09-20 19:39:35,H10,EW17,AS,M
2024-09-20 19:39:38,H10,EW17,AS,M
2024-09-20 19:39:44,H10,EW17,AS,M
2024-09-20 19:39:45,H10,EW17,AS,M
2024-09-20 19:39:46,H10,EW17,AS,M
2024-09-20 19:39:48,H10,EW17,AS,M
2024-09-20 19:39:50,H10,EW17,AS,M
2024-09-20 19:39:52,H10,EW17,AS,M
2024-09-20 19:39:54,H10,EW17,AS,M
2024-09-20 19:39:56,H10,EW17,AS,M
2024-09-20 19:39:57,H10,EW17,AS,M
2024-09-20 19:40:00,H10,EW17,AS,M
2024-09-20 19:40:02,H10,EW17,AS,M
2024-09-20 19:40:03,H10,EW17,AS,M
2024-09-20 19:40:05,H10,EW17,AS,M
2024-09-20 19:40:07,H10,EW17,AS,M
2024-09-20 19:40:12,H10,EW17,AS,M
2024-09-20 19:40:13,H10,EW17,AS,M
2024-09-20 19:40:15,H10,EW17,AS,M
2024-09-20 19:40:16,H10,EW17,AS,M
2024-09-20 19:40:17,H10,EW17,AS,M
2024-09-21 21:33:09,H10,EW84,AS,F
2024-09-21 21:33:15,H10,EW84,AS,F
2024-09-23 20:59:16,H10,EW17,AS,M
2024-09-23 20:59:18,H10,EW17,AS,M
2024-09-23 20:59:19,H10,EW17,AS,M
2024-09-23 20:59:20,H10,EW17,AS,M
2024-09-23 20:59:21,H10,EW17,AS,M
2024-09-23 20:59:22,H10,EW17,AS,M
2024-09-23 20:59:23,H10,EW17,AS,M
2024-09-23 20:59:24,H10,EW17,AS,M
2024-09-23 20:59:25,H10,EW17,AS,M
2024-09-23 20:59:56,H10,EW17,AS,M
2024-09-23 21:00:00,H10,EW17,AS,M
2024-09-23 21:00:02,H10,EW17,AS,M
2024-09-23 21:00:11,H10,EW17,AS,M
2024-09-23 21:00:13,H10,EW17,AS,M
2024-09-23 21:00:14,H10,EW17,AS,M
2024-09-23 21:00:15,H10,EW17,AS,M
2024-09-23 21:00:17,H10,EW17,AS,M
2024-09-24 00:10:19,H10,EW45,AS,M
2024-09-24 00:10:21,H10,EW45,AS,M
2024-09-24 00:10:22,H10,EW45,AS,M
2024-09-24 00:10:26,H10,EW45,AS,M
2024-09-24 00:10:28,H10,EW45,AS,M
2024-09-24 00:10:29,H10,EW45,AS,M
2024-09-24 21:20:23,H10,EW84,AS,F
2024-09-24 21:20:33,H10,EW84,AS,F
2024-09-24 21:20:34,H10,EW84,AS,F
2024-09-24 21:20:58,H10,EW84,AS,F
2024-09-24 21:21:34,H10,EW84,AS,F
2024-09-24 21:21:36,H10,EW84,AS,F
2024-09-24 21:21:54,H10,EW84,AS,F
2024-09-24 21:22:27,H10,EW84,AS,F
2024-09-25 00:52:40,H10,EW84,AS,F
2024-09-27 19:23:49,H10,EW84,AS,F
2024-09-27 19:23:55,H10,EW84,AS,F
2024-09-27 19:23:57,H10,EW84,AS,F
2024-09-27 19:23:58,H10,EW84,AS,F
2024-09-27 19:24:01,H10,EW84,AS,F
2024-09-27 19:24:02,H10,EW84,AS,F
2024-09-27 19:24:09,H10,EW84,AS,F
2024-09-27 19:24:13,H10,EW84,AS,F
2024-09-27 19:24:14,H10,EW84,AS,F
2024-09-27 19:24:15,H10,EW84,AS,F
2024-09-27 19:24:16,H10,EW84,AS,F
2024-09-27 19:24:17,H10,EW84,AS,F
2024-09-27 19:24:18,H10,EW84,AS,F
2024-09-27 19:24:22,H10,EW84,AS,F
2024-09-27 19:24:24,H10,EW84,AS,F
2024-09-27 19:24:37,H10,EW84,AS,F
2024-09-27 19:24:38,H10,EW84,AS,F
2024-09-27 19:24:40,H10,EW84,AS,F
2024-09-27 21:32:38,H10,EW68,AS,M
2024-09-27 22:10:45,H10,EW84,AS,F
2024-09-27 22:10:48,H10,EW84,AS,F
2024-09-29 01:58:25,H10,EW17,AS,M
2024-09-29 01:58:29,H10,EW17,AS,M
2024-09-29 01:58:32,H10,EW17,AS,M
2024-09-29 01:58:36,H10,EW17,AS,M
2024-09-29 01:58:38,H10,EW17,AS,M
2024-09-29 01:58:39,H10,EW17,AS,M
2024-09-29 01:58:42,H10,EW17,AS,M
2024-09-29 01:58:44,H10,EW17,AS,M
2024-09-29 01:58:46,H10,EW17,AS,M
2024-09-29 23:55:50,H10,EW68,AS,M
2024-10-01 01:34:30,H10,EW17,AS,M
2024-10-01 01:34:34,H10,EW17,AS,M
2024-10-01 01:34:35,H10,EW17,AS,M
2024-10-01 01:34:57,H10,EW17,AS,M
2024-10-01 01:34:58,H10,EW17,AS,M
2024-10-01 01:35:04,H10,EW17,AS,M
2024-10-01 01:35:05,H10,EW17,AS,M
2024-10-01 19:33:30,H10,EW68,AS,M
2024-10-01 19:33:31,H10,EW68,AS,M
2024-10-01 19:33:33,H10,EW68,AS,M
2024-10-01 20:24:01,H10,EW54,AS,M
2024-10-01 20:24:03,H10,EW54,AS,M
2024-10-01 20:24:04,H10,EW54,AS,M
2024-10-01 20:24:05,H10,EW54,AS,M
2024-10-01 20:24:08,H10,EW54,AS,M
2024-10-01 20:24:13,H10,EW54,AS,M
2024-10-01 20:24:14,H10,EW54,AS,M
2024-10-01 20:24:15,H10,EW54,AS,M
2024-10-01 23:39:14,H10,EW68,AS,M
2024-10-01 23:39:16,H10,EW68,AS,M
2024-10-02 01:29:38,H10,EW54,AS,M
2024-10-02 19:25:43,H10,EW68,AS,M
2024-10-02 19:25:44,H10,EW68,AS,M
2024-10-02 19:25:45,H10,EW68,AS,M
2024-10-02 19:25:46,H10,EW68,AS,M
2024-10-02 19:25:47,H10,EW68,AS,M
2024-10-02 19:25:49,H10,EW68,AS,M
2024-10-02 19:26:02,H10,EW68,AS,M
2024-10-02 19:26:04,H10,EW68,AS,M
2024-10-02 19:26:06,H10,EW68,AS,M
2024-10-02 19:26:19,H10,EW68,AS,M
2024-10-02 19:26:21,H10,EW68,AS,M
2024-10-02 19:26:25,H10,EW68,AS,M
2024-10-02 19:26:27,H10,EW68,AS,M
2024-10-02 19:26:28,H10,EW68,AS,M
2024-10-02 19:26:29,H10,EW68,AS,M
2024-10-02 19:26:31,H10,EW68,AS,M
2024-10-02 19:26:32,H10,EW68,AS,M
2024-10-02 19:26:33,H10,EW68,AS,M
2024-10-02 19:26:36,H10,EW68,AS,M
2024-10-02 19:26:37,H10,EW68,AS,M
2024-10-02 20:02:01,H10,EW84,AS,F
2024-10-02 20:43:51,H10,EW68,AS,M
2024-10-02 21:33:59,H10,EW17,AS,M
2024-10-02 21:34:01,H10,EW17,AS,M
2024-10-02 21:34:02,H10,EW17,AS,M
2024-10-02 21:34:03,H10,EW17,AS,M
2024-10-02 21:34:07,H10,EW17,AS,M
2024-10-02 21:34:10,H10,EW17,AS,M
2024-10-02 21:34:15,H10,EW17,AS,M
2024-10-02 23:57:55,H10,EW68,AS,M
2024-10-02 23:58:03,H10,EW68,AS,M
2024-10-02 23:59:14,H10,EW68,AS,M
2024-10-02 23:59:17,H10,EW68,AS,M
2024-10-02 23:59:45,H10,EW68,AS,M
2024-10-02 23:59:53,H10,EW68,AS,M
2024-10-03 00:22:50,H10,EW17,AS,M
2024-10-03 00:22:52,H10,EW17,AS,M
2024-10-03 00:23:03,H10,EW17,AS,M
2024-10-06 19:47:06,H10,EW17,AS,M
2024-10-06 19:47:07,H10,EW17,AS,M
2024-10-06 20:54:08,H10,EW84,AS,F
2024-10-07 02:12:04,H10,EW97,AS,M
2024-10-07 02:12:05,H10,EW97,AS,M
2024-10-08 18:55:57,H11,EW17,AS,M
2024-10-08 18:55:58,H11,EW17,AS,M
2024-10-08 18:56:03,H11,EW17,AS,M
2024-10-08 19:46:29,H11,EW84,AS,F
2024-10-08 19:46:31,H11,EW84,AS,F
2024-10-08 23:26:44,H11,EW97,AS,M
2024-10-08 23:26:47,H11,EW97,AS,M
2024-10-09 01:06:10,H11,EW45,AS,M
2024-10-09 01:06:11,H11,EW45,AS,M
2024-10-09 01:06:14,H11,EW45,AS,M
2024-10-09 01:06:16,H11,EW45,AS,M
2024-10-09 01:06:20,H11,EW45,AS,M
2024-10-09 01:06:21,H11,EW45,AS,M
2024-10-09 22:44:08,H11,EW68,AS,M
2024-10-09 22:44:13,H11,EW68,AS,M
2024-10-09 22:44:14,H11,EW68,AS,M
2024-10-09 22:44:18,H11,EW68,AS,M
2024-10-09 22:44:23,H11,EW68,AS,M
2024-10-09 22:44:24,H11,EW68,AS,M
2024-10-15 03:48:19,H11,EW97,AS,M
2024-10-15 03:48:20,H11,EW97,AS,M
2024-10-15 03:48:22,H11,EW97,AS,M
2024-10-15 03:48:26,H11,EW97,AS,M
2024-10-15 03:48:28,H11,EW97,AS,M
2024-10-15 03:48:30,H11,EW97,AS,M
2024-10-15 03:48:31,H11,EW97,AS,M
2024-10-15 03:48:33,H11,EW97,AS,M
2024-10-15 03:48:35,H11,EW97,AS,M
2024-10-15 03:48:37,H11,EW97,AS,M
2024-10-15 03:48:42,H11,EW97,AS,M
2024-10-15 03:48:46,H11,EW97,AS,M
2024-10-15 03:48:47,H11,EW97,AS,M
2024-10-15 03:48:51,H11,EW97,AS,M
2024-10-15 03:48:53,H11,EW97,AS,M
2024-10-15 03:48:55,H11,EW97,AS,M
2024-10-17 01:46:23,H11,EW149,AS,F
2024-10-17 01:46:24,H11,EW149,AS,F
2024-10-17 01:46:28,H11,EW149,AS,F
2024-10-17 01:46:29,H11,EW149,AS,F
2024-10-17 01:46:32,H11,EW149,AS,F
2024-10-17 01:46:33,H11,EW149,AS,F
2024-10-17 01:46:35,H11,EW149,AS,F
2024-10-17 01:46:36,H11,EW149,AS,F
2024-10-17 01:46:47,H11,EW149,AS,F
2024-10-18 01:06:53,H11,EW215,AS,M
2024-10-18 01:06:54,H11,EW215,AS,M
2024-10-18 01:06:56,H11,EW215,AS,M
2024-10-18 01:07:32,H11,EW215,AS,M
2024-10-18 01:07:36,H11,EW215,AS,M
2024-10-18 18:18:30,H11,EW215,AS,M
2024-10-18 18:18:31,H11,EW215,AS,M
2024-10-18 18:18:32,H11,EW215,AS,M
2024-10-18 18:18:33,H11,EW215,AS,M
2024-10-18 18:18:34,H11,EW215,AS,M
2024-10-18 18:18:35,H11,EW215,AS,M
2024-10-18 18:18:37,H11,EW215,AS,M
2024-10-18 18:18:40,H11,EW215,AS,M
2024-10-18 18:18:41,H11,EW215,AS,M
2024-10-20 18:35:34,H11,EW17,AS,M
2024-10-20 18:35:35,H11,EW17,AS,M
2024-10-20 18:35:41,H11,EW17,AS,M
2024-10-20 18:35:42,H11,EW17,AS,M
2024-10-20 18:35:46,H11,EW17,AS,M
2024-10-21 19:26:15,H11,EW84,AS,F
2024-10-21 19:26:17,H11,EW84,AS,F
2024-10-21 19:26:22,H11,EW84,AS,F
2024-10-21 19:26:23,H11,EW84,AS,F
2024-10-21 19:26:24,H11,EW84,AS,F
2024-10-21 19:26:26,H11,EW84,AS,F
2024-10-21 19:26:28,H11,EW84,AS,F
2024-10-21 19:26:30,H11,EW84,AS,F
2024-10-21 19:26:34,H11,EW84,AS,F
2024-10-21 19:26:35,H11,EW84,AS,F
2024-10-21 19:26:37,H11,EW84,AS,F
2024-10-21 19:26:38,H11,EW84,AS,F
2024-10-21 19:26:40,H11,EW84,AS,F
2024-10-26 19:42:13,H12,EW97,AS,M
2024-10-26 19:42:14,H12,EW97,AS,M
2024-10-26 19:42:17,H12,EW97,AS,M
2024-10-26 19:42:19,H12,EW97,AS,M
2024-10-26 19:42:20,H12,EW97,AS,M
2024-10-26 19:42:51,H12,EW97,AS,M
2024-10-26 19:42:52,H12,EW97,AS,M
2024-10-26 19:42:54,H12,EW97,AS,M
2024-10-26 19:42:55,H12,EW97,AS,M
2024-10-26 19:43:00,H12,EW97,AS,M
2024-11-27 18:55:31,H14,EW101,AS,F
2024-11-27 18:55:35,H14,EW101,AS,F
2024-11-27 18:55:37,H14,EW101,AS,F
2024-11-27 18:55:41,H14,EW101,AS,F
2024-11-27 19:53:35,H14,EW86,AS,F
2024-11-27 19:53:36,H14,EW86,AS,F
2024-11-30 02:12:48,H14,EW101,AS,F
2024-11-30 02:13:11,H14,EW101,AS,F
2024-11-30 02:13:52,H14,EW101,AS,F
2024-11-30 02:13:56,H14,EW101,AS,F
2024-11-30 19:39:12,H14,EW84,AS,F
2024-11-30 19:39:13,H14,EW84,AS,F
2024-12-04 18:48:03,H14,EW101,AS,F
2024-12-04 18:48:06,H14,EW101,AS,F
2024-12-04 18:48:08,H14,EW101,AS,F
2024-12-04 18:48:10,H14,EW101,AS,F
2024-12-04 18:48:13,H14,EW101,AS,F
2024-12-04 18:48:17,H14,EW101,AS,F
2024-12-04 18:48:19,H14,EW101,AS,F
2024-12-04 18:49:41,H14,EW84,AS,F
2024-12-04 18:49:45,H14,EW84,AS,F
2024-12-04 18:49:46,H14,EW84,AS,F
2024-12-04 18:49:49,H14,EW84,AS,F
2024-12-04 18:49:50,H14,EW84,AS,F
2024-12-04 18:49:52,H14,EW84,AS,F
2024-12-04 18:49:54,H14,EW84,AS,F
2024-12-04 18:49:55,H14,EW84,AS,F
2024-12-04 18:50:03,H14,EW84,AS,F
2024-12-04 18:50:13,H14,EW84,AS,F
2024-12-04 19:19:50,H14,EW101,AS,F
2024-12-04 19:19:51,H14,EW101,AS,F
2024-12-04 19:20:11,H14,EW101,AS,F
2024-12-04 19:20:13,H14,EW101,AS,F
2024-12-04 19:28:13,H14,EW86,AS,F
2024-12-04 19:28:14,H14,EW86,AS,F
2024-12-04 19:28:17,H14,EW86,AS,F
2024-12-04 19:28:22,H14,EW86,AS,F
2024-12-04 19:28:28,H14,EW86,AS,F
2024-12-04 19:28:30,H14,EW86,AS,F
2024-12-04 19:28:34,H14,EW86,AS,F
2024-12-04 19:28:39,H14,EW86,AS,F
2024-12-04 19:28:40,H14,EW86,AS,F
2024-12-04 19:33:13,H14,EW88,AS,M
2024-12-04 19:33:14,H14,EW88,AS,M
2024-12-04 19:33:15,H14,EW88,AS,M
2024-12-04 23:53:52,H14,EW101,AS,F
2024-12-04 23:54:04,H14,EW101,AS,F
2024-12-04 23:54:08,H14,EW101,AS,F
2024-12-04 23:54:11,H14,EW101,AS,F
2024-12-04 23:54:13,H14,EW101,AS,F
2024-12-04 23:54:15,H14,EW101,AS,F
2024-12-04 23:54:21,H14,EW101,AS,F
2024-12-04 23:54:44,H14,EW101,AS,F
2024-12-04 23:54:45,H14,EW101,AS,F
2024-12-04 23:54:47,H14,EW101,AS,F
2024-12-04 23:54:51,H14,EW101,AS,F
2024-12-04 23:55:07,H14,EW101,AS,F
2024-12-04 23:55:08,H14,EW101,AS,F
2024-12-05 04:52:23,I13,EW101,AS,F
2024-12-05 04:52:24,I13,EW101,AS,F
2024-12-05 04:52:27,I13,EW101,AS,F
2024-12-06 21:45:14,I13,EW86,AS,F
2024-12-06 21:45:15,I13,EW86,AS,F
2024-12-06 21:45:22,I13,EW86,AS,F
2024-12-06 21:45:23,I13,EW86,AS,F
2024-12-06 21:45:24,I13,EW86,AS,F
2024-12-06 21:45:26,I13,EW86,AS,F
2024-12-07 03:14:38,I13,EW54,AS,M
2024-12-07 03:14:39,I13,EW54,AS,M
2024-12-07 03:14:40,I13,EW54,AS,M
2024-12-07 03:14:42,I13,EW54,AS,M
2024-12-07 03:14:45,I13,EW54,AS,M
2024-12-07 03:14:47,I13,EW54,AS,M
2024-12-07 03:14:54,I13,EW54,AS,M
2024-12-07 03:14:55,I13,EW54,AS,M
2024-12-07 03:14:57,I13,EW54,AS,M
2024-12-07 03:15:01,I13,EW54,AS,M
2024-12-07 22:46:09,I13,EW101,AS,F
2024-12-07 22:47:38,I13,EW101,AS,F
2024-12-07 22:47:39,I13,EW101,AS,F
2024-12-07 22:47:42,I13,EW101,AS,F
2024-12-12 17:56:41,I13,EW88,AS,M
2024-12-12 20:35:52,I13,EW86,AS,F
2024-12-12 20:35:59,I13,EW86,AS,F
2024-12-12 22:07:53,I13,EW54,AS,M
2024-12-12 22:07:54,I13,EW54,AS,M
2024-12-13 17:54:21,I13,EW101,AS,F
2024-12-13 17:54:24,I13,EW101,AS,F
2024-12-13 17:54:27,I13,EW101,AS,F
2024-12-13 17:54:28,I13,EW101,AS,F
2024-12-18 00:02:25,I13,EW54,AS,M
2024-12-18 00:02:26,I13,EW54,AS,M
2024-12-18 00:02:27,I13,EW54,AS,M
2024-12-18 18:07:01,I13,EW101,AS,F
2024-12-18 18:07:04,I13,EW101,AS,F
2024-12-18 19:39:36,I13,EW101,AS,F
2024-12-18 19:39:37,I13,EW101,AS,F
2024-12-18 19:39:38,I13,EW101,AS,F
2024-12-18 19:39:39,I13,EW101,AS,F
2024-12-18 19:39:40,I13,EW101,AS,F
2024-12-18 19:39:44,I13,EW101,AS,F
2024-12-18 19:39:47,I13,EW101,AS,F
2024-12-18 19:54:46,I13,EW101,AS,F
2025-02-19 23:33:38,I17,EW143,AS,M
2025-02-19 23:33:39,I17,EW143,AS,M
2025-02-20 22:22:18,I18,EW143,AS,M
2025-02-20 22:22:21,I18,EW143,AS,M
2025-02-21 02:40:33,I18,EW143,AS,M
2025-02-21 02:41:27,I18,EW143,AS,M
2025-02-21 02:41:28,I18,EW143,AS,M
2025-02-23 23:07:16,I18,EW143,AS,M
2025-02-23 23:07:17,I18,EW143,AS,M
2025-02-23 23:07:18,I18,EW143,AS,M
2025-02-23 23:07:20,I18,EW143,AS,M
2024-11-23 18:46:19,H14,EW84,AS,F
2024-11-23 18:46:25,H14,EW84,AS,F
2024-11-23 18:46:26,H14,EW84,AS,F
2024-11-23 22:43:12,H14,EW84,AS,F
2024-11-23 22:43:13,H14,EW84,AS,F
2024-11-23 22:43:23,H14,EW84,AS,F
2024-11-23 22:43:24,H14,EW84,AS,F
2024-11-23 22:43:44,H14,EW84,AS,F
2024-11-23 22:43:49,H14,EW84,AS,F
2024-11-23 22:43:50,H14,EW84,AS,F
2024-11-23 22:43:52,H14,EW84,AS,F
2024-11-23 22:43:53,H14,EW84,AS,F
2024-11-23 22:43:58,H14,EW84,AS,F
2024-11-23 22:44:06,H14,EW84,AS,F
2024-11-23 22:44:36,H14,EW84,AS,F
2024-11-23 22:44:37,H14,EW84,AS,F
2024-11-23 22:44:40,H14,EW84,AS,F
2024-11-23 22:44:41,H14,EW84,AS,F
2024-11-23 22:44:42,H14,EW84,AS,F
2024-11-23 22:44:43,H14,EW84,AS,F
2024-11-23 22:44:44,H14,EW84,AS,F
2024-11-23 22:44:49,H14,EW84,AS,F
2024-11-23 22:44:51,H14,EW84,AS,F
2024-11-23 22:44:52,H14,EW84,AS,F
2025-01-15 19:41:20,I15,EW88,AS,M
2025-01-15 19:41:24,I15,EW88,AS,M
2025-02-07 00:27:54,I17,EW143,AS,M
2025-02-07 00:28:29,I17,EW143,AS,M
2025-02-07 00:28:37,I17,EW143,AS,M
2025-02-07 00:28:38,I17,EW143,AS,M
2025-02-08 05:03:26,I17,EW143,AS,M
2025-02-08 05:03:27,I17,EW143,AS,M
2025-02-09 18:26:01,I17,EW88,AS,M
2025-01-24 02:37:24,T13,EW147,AS,M
2025-01-24 02:50:44,T13,EW150,AS,F
2025-01-24 05:22:33,T13,EWMG34,MG,F
2025-01-24 05:25:26,T13,EWMG34,MG,F
2024-11-23 20:31:00,N10,EW147,AS,M
2024-11-23 20:31:38,N10,EW147,AS,M
2024-11-23 21:33:51,N10,EW149,AS,F
2024-11-24 01:51:34,N10,EW147,AS,M
2024-11-24 01:53:13,N10,EW147,AS,M
2024-11-24 07:59:09,N10,EW149,AS,F
2024-11-24 20:31:15,N10,EW147,AS,M
2024-11-25 08:00:40,N10,EW104,AS,F
2024-11-26 20:43:49,N10,EW14,AS,M
2024-11-28 23:06:08,N10,EW14,AS,M
2024-11-28 23:08:01,N10,EW14,AS,M
2024-11-30 00:51:31,N10,EW149,AS,F
2024-11-30 03:28:30,N10,EW147,AS,M
2024-11-30 22:43:47,N10,EW104,AS,F
2024-12-01 04:49:09,N10,EW147,AS,M
2024-12-01 20:14:43,N10,EW14,AS,M
2024-12-02 20:57:12,N10,EW14,AS,M
2024-10-22 20:55:44,N7,EW42,AS,F
2024-10-22 20:57:00,N7,EW14,AS,M
2024-10-22 20:57:27,N7,EW14,AS,M
2024-10-22 20:59:36,N7,EW42,AS,F
2024-10-23 23:46:41,N7,EW104,AS,F
2024-10-23 23:47:06,N7,EW104,AS,F
2024-10-23 23:47:39,N7,EW104,AS,F
2024-10-23 23:48:16,N7,EW104,AS,F
2024-10-25 02:54:33,N8,EW42,AS,F
2024-10-25 02:56:20,N8,EW42,AS,F
2024-10-25 02:56:59,N8,EW42,AS,F
2024-10-25 20:59:47,N8,EW14,AS,M
2024-10-25 22:25:05,N8,EW42,AS,F
2024-10-25 22:25:49,N8,EW42,AS,F
2024-10-25 22:27:12,N8,EW42,AS,F
2024-10-25 22:27:45,N8,EW42,AS,F
2024-10-25 22:30:08,N8,EW42,AS,F
2024-10-25 22:31:12,N8,EW42,AS,F
2024-10-25 22:31:35,N8,EW42,AS,F
2024-10-25 22:45:24,N8,EW6,AS,M
2024-10-25 22:45:51,N8,EW6,AS,M
2024-10-26 03:48:43,N8,EW140,AS,F
2024-10-26 05:39:45,N8,EW42,AS,F
2024-10-26 20:22:26,N8,EW14,AS,M
2024-10-26 20:22:48,N8,EW14,AS,M
2024-10-30 03:36:32,N8,EW14,AS,M
2024-10-30 21:20:38,N8,EW42,AS,F
2024-10-31 22:06:03,N8,EW42,AS,F
2024-10-31 22:06:23,N8,EW42,AS,F
2024-11-02 01:08:25,N8,EW14,AS,M
2024-11-02 01:08:58,N8,EW14,AS,M
2024-11-02 20:04:00,N8,EW42,AS,F
2024-11-03 23:54:12,N8,EW42,AS,F
2024-11-03 23:59:09,N8,EW42,AS,F
2024-11-04 00:00:07,N8,EW42,AS,F
2024-11-09 22:32:33,N8,EW42,AS,F
2024-11-20 19:37:37,N9,EW120,AS,M
2024-11-21 01:16:27,N9,EW120,AS,M
2024-12-03 20:28:24,N10,EW14,AS,M
2024-12-04 02:29:24,N10,EW104,AS,F
2024-12-05 03:53:22,O9,EW147,AS,M
2024-12-05 04:35:45,O9,EW149,AS,F
2024-12-05 04:36:17,O9,EW149,AS,F
2024-12-06 01:57:14,O9,EW147,AS,M
2024-12-06 04:43:22,O9,EW147,AS,M
2024-12-18 00:08:46,O9,EW132A,AS,M
2024-12-23 23:49:07,O9,EW116/66,AS,M
2024-12-29 03:52:21,O9,EW120,AS,M
2024-12-29 05:17:39,O9,EW116/66,AS,M
2024-12-29 06:40:33,O9,EW116/66,AS,M
2024-12-29 06:44:15,O9,EW149,AS,F
2024-12-30 21:38:38,O9,EW120,AS,M
2024-12-30 21:38:58,O9,EW120,AS,M
2025-01-03 22:13:57,O10,EW120,AS,M
2025-01-08 01:55:07,O10,EW149,AS,F
2025-01-27 02:47:27,O12,EW88,AS,M
2025-01-27 04:08:53,O12,EW147,AS,M
2025-01-27 04:10:04,O12,EW147,AS,M
2025-01-28 05:43:29,O12,EW54,AS,M
2025-01-29 04:05:23,O12,EW147,AS,M
2025-02-08 07:49:43,O13,EWMG27,MG,M
2000-01-01 06:06:16,N6,EW42,AS,F
2000-01-01 06:06:39,N6,EW42,AS,F
2000-01-01 06:19:19,N6,EW42,AS,F
2000-01-01 06:19:37,N6,EW42,AS,F
2000-01-02 05:27:58,N6,EW42,AS,F
2000-01-02 08:22:14,N6,EW32,AS,M
2000-01-03 04:35:23,N6,EW42,AS,F
2000-01-03 06:06:17,N6,EW32,AS,M
2000-01-04 08:25:31,N6,EW42,AS,F
2000-01-15 11:08:26,N6,EW32,AS,M
2000-01-15 11:09:31,N6,EW32,AS,M
2000-01-15 11:09:33,N6,EW32,AS,M
2000-01-15 11:10:26,N6,EW32,AS,M
2000-01-19 11:18:53,N6,EW14,AS,M
2000-01-19 11:20:03,N6,EW14,AS,M
2000-01-19 11:21:48,N6,EW14,AS,M
2000-01-19 11:22:50,N6,EW14,AS,M
2000-01-19 12:10:42,N6,EW14,AS,M
2000-01-19 12:13:09,N6,EW14,AS,M
2000-01-19 12:13:32,N6,EW14,AS,M
2000-01-19 12:13:54,N6,EW14,AS,M
2000-01-19 12:14:40,N6,EW14,AS,M
2000-01-19 12:15:46,N6,EW14,AS,M
2000-01-20 04:00:55,N6,EW42,AS,F
2000-01-20 04:02:01,N6,EW42,AS,F
2000-01-20 04:03:05,N6,EW42,AS,F
2000-01-20 04:03:41,N6,EW42,AS,F
2000-01-20 04:22:19,N6,EW14,AS,M
2000-01-20 04:23:19,N6,EW14,AS,M
2000-01-20 04:24:20,N6,EW14,AS,M
2000-01-20 04:29:04,N6,EW14,AS,M
2000-01-20 04:29:41,N6,EW14,AS,M
2000-01-20 04:30:42,N6,EW14,AS,M
2000-01-20 04:32:05,N6,EW14,AS,M
2000-01-20 05:31:12,N6,EW32,AS,M
2000-01-22 03:41:50,N6,EW120,AS,M
2000-01-22 08:38:50,N6,EW120,AS,M
2000-01-29 02:57:10,N6,EW120,AS,M
2000-02-09 10:55:04,N6,EW42,AS,F
2000-02-14 03:52:16,N6,EW14,AS,M
2000-02-14 04:13:23,N6,EW14,AS,M
2000-02-14 10:08:40,N6,EW134,AS,F
2024-11-22 19:17:19,P17,EW105,AS,F
2025-03-10 21:47:15,Q2,EW149,AS,F
2025-03-10 21:47:20,Q2,EW149,AS,F
2025-03-10 21:47:24,Q2,EW149,AS,F
2024-12-06 01:51:49,Q17,EW125,AS,M
2024-12-07 18:57:04,Q17,EW86,AS,F
2024-12-07 18:57:26,Q17,EW86,AS,F
2024-12-22 18:25:05,Q17,EW150,AS,F
2024-12-24 22:48:22,Q17,EW86,AS,F
2024-12-27 19:54:10,Q17,EW125,AS,M
2024-12-27 20:55:51,Q17,EW86,AS,F
2025-01-05 21:27:41,Q18,EW86,AS,F
2025-01-24 04:35:49,Q19,EW212,AS,M
2025-02-10 00:53:15,Q1,EWMG43,MG,M
2024-09-26 19:36:27,O16,EW31,AS,F
2024-09-26 22:13:33,O16,EW16,AS,F
2024-09-26 22:14:00,O16,EW16,AS,F
2024-09-26 22:14:02,O16,EW16,AS,F
2024-09-26 22:14:03,O16,EW16,AS,F
2024-09-26 23:47:57,O16,EW16,AS,F
2024-09-27 01:12:02,O16,EW16,AS,F
2024-09-27 19:06:04,O16,EW16,AS,F
2024-09-27 19:07:34,O16,EW16,AS,F
2024-09-30 02:37:06,O16,EW16,AS,F
2024-10-01 19:59:27,O16,EW133,AS,F
2024-10-06 00:30:01,O16,EWMG29,MG,F
2024-10-06 18:56:07,O16,EW16,AS,F
2024-10-08 00:20:26,P15,EW16,AS,F
2024-10-08 00:49:58,P15,EWMG29,MG,F
2024-10-08 18:03:26,P15,EW133,AS,F
2024-10-08 21:29:43,P15,EWMG29,MG,F
2024-10-09 00:58:17,P15,EW82,AS,F
2024-10-09 00:59:09,P15,EW82,AS,F
2024-10-09 02:59:56,P15,EWMG29,MG,F
2024-10-10 01:34:16,P15,EWMG29,MG,F
2024-10-12 17:57:09,P15,EW133,AS,F
2024-10-14 02:07:36,P15,EW16,AS,F
2024-10-18 19:07:15,P15,EW16,AS,F
2024-10-19 03:06:15,P15,EW6,AS,M
2024-10-19 03:06:47,P15,EW6,AS,M
2024-10-20 17:36:10,P15,EW133,AS,F
2024-10-20 17:36:31,P15,EW133,AS,F
2024-10-24 18:45:10,P15,EW150,AS,F
2024-10-24 18:45:35,P15,EW150,AS,F
2024-10-24 18:45:54,P15,EW150,AS,F
2024-10-24 18:46:19,P15,EW150,AS,F
2024-10-29 00:43:21,P16,EW16,AS,F
2024-10-31 00:25:26,P16,EW6,AS,M
2024-10-31 00:25:45,P16,EW6,AS,M
2024-11-01 19:15:03,P16,EW105,AS,F
2024-11-05 19:17:19,P16,EW16,AS,F
2024-11-05 19:17:41,P16,EW16,AS,F
2024-11-06 18:14:04,P16,EW150,AS,F
2024-11-06 18:14:42,P16,EW150,AS,F
2024-11-10 17:48:45,P16,EW105,AS,F
2024-11-12 02:06:32,P17,EW105,AS,F
2024-12-05 01:04:02,R11,EW230,AS,M
2024-12-05 01:04:03,R11,EW230,AS,M
2024-12-05 01:04:10,R11,EW230,AS,M
2024-12-05 01:04:13,R11,EW230,AS,M
2024-12-05 01:04:17,R11,EW230,AS,M
2024-12-05 01:04:19,R11,EW230,AS,M
2024-12-05 01:04:21,R11,EW230,AS,M
2024-12-05 01:04:26,R11,EW230,AS,M
2024-12-05 01:04:38,R11,EW230,AS,M
2024-12-05 01:04:39,R11,EW230,AS,M
2024-12-05 01:10:18,R11,EW230,AS,M
2024-12-05 01:10:22,R11,EW230,AS,M
2024-12-05 01:10:24,R11,EW230,AS,M
2024-12-05 01:10:26,R11,EW230,AS,M
2024-12-05 01:10:31,R11,EW230,AS,M
2024-12-05 01:10:32,R11,EW230,AS,M
2024-12-05 01:10:33,R11,EW230,AS,M
2024-12-05 01:10:34,R11,EW230,AS,M
2024-12-05 01:44:31,R11,EWMG34,MG,F
2024-12-05 01:44:34,R11,EWMG34,MG,F
2024-12-05 01:44:37,R11,EWMG34,MG,F
2024-12-05 01:44:42,R11,EWMG34,MG,F
2024-12-05 01:44:43,R11,EWMG34,MG,F
2024-12-05 01:44:46,R11,EWMG34,MG,F
2024-12-05 01:44:48,R11,EWMG34,MG,F
2024-12-05 01:44:49,R11,EWMG34,MG,F
2024-12-05 03:18:33,R11,EW150,AS,F
2024-12-05 03:18:37,R11,EW150,AS,F
2024-12-05 03:18:38,R11,EW150,AS,F
2024-12-05 03:18:40,R11,EW150,AS,F
2024-12-05 03:18:41,R11,EW150,AS,F
2024-12-05 08:07:03,R11,EW150,AS,F
2024-12-05 21:22:50,R11,EW150,AS,F
2024-12-05 21:22:54,R11,EW150,AS,F
2024-12-05 21:22:56,R11,EW150,AS,F
2024-12-05 21:22:59,R11,EW150,AS,F
2024-12-05 21:23:05,R11,EW150,AS,F
2024-12-05 21:23:06,R11,EW150,AS,F
2024-12-05 21:23:08,R11,EW150,AS,F
2024-12-05 21:23:09,R11,EW150,AS,F
2024-12-05 22:01:51,R11,EW147,AS,M
2024-12-05 22:01:53,R11,EW147,AS,M
2024-12-05 22:01:54,R11,EW147,AS,M
2024-12-05 22:01:58,R11,EW147,AS,M
2024-12-05 22:02:03,R11,EW147,AS,M
2024-12-05 22:02:04,R11,EW147,AS,M
2024-12-05 22:02:05,R11,EW147,AS,M
2024-12-05 22:02:06,R11,EW147,AS,M
2024-12-05 22:02:07,R11,EW147,AS,M
2024-12-05 22:02:08,R11,EW147,AS,M
2024-12-05 22:02:09,R11,EW147,AS,M
2024-12-05 22:02:12,R11,EW147,AS,M
2024-12-05 22:02:13,R11,EW147,AS,M
2024-12-05 22:02:19,R11,EW147,AS,M
2024-12-05 23:30:33,R11,EW230,AS,M
2024-12-06 04:26:11,R11,EW230,AS,M
2024-12-06 04:26:17,R11,EW230,AS,M
2024-12-06 04:26:18,R11,EW230,AS,M
2024-12-06 20:51:43,R11,EW150,AS,F
2024-12-06 20:51:48,R11,EW150,AS,F
2024-12-06 20:51:50,R11,EW150,AS,F
2024-12-06 20:51:51,R11,EW150,AS,F
2024-12-06 20:52:01,R11,EW150,AS,F
2024-12-06 20:52:03,R11,EW150,AS,F
2024-12-06 20:52:04,R11,EW150,AS,F
2024-12-06 20:52:10,R11,EW150,AS,F
2024-12-06 20:52:12,R11,EW150,AS,F
2024-12-06 20:52:14,R11,EW150,AS,F
2024-12-06 20:52:18,R11,EW150,AS,F
2024-12-06 20:52:19,R11,EW150,AS,F
2024-12-07 00:36:36,R11,EW150,AS,F
2024-12-07 00:36:37,R11,EW150,AS,F
2024-12-07 01:14:11,R11,EW230,AS,M
2024-12-07 03:41:41,R11,EW216,AS,M
2024-12-07 03:41:42,R11,EW216,AS,M
2024-12-07 03:41:44,R11,EW216,AS,M
2024-12-07 03:41:45,R11,EW216,AS,M
2024-12-08 00:05:13,R11,EW230,AS,M
2024-12-08 20:40:11,R11,EW150,AS,F
2024-12-08 20:40:14,R11,EW150,AS,F
2024-12-08 20:40:15,R11,EW150,AS,F
2024-12-09 23:37:14,R11,EW150,AS,F
2024-12-12 20:03:46,R11,EW147,AS,M
2024-12-12 20:38:41,R11,EW150,AS,F
2024-12-12 20:38:42,R11,EW150,AS,F
2024-12-12 20:38:43,R11,EW150,AS,F
2024-12-12 20:38:44,R11,EW150,AS,F
2024-12-12 20:38:48,R11,EW150,AS,F
2024-12-12 20:38:49,R11,EW150,AS,F
2024-12-12 20:38:50,R11,EW150,AS,F
2024-12-12 20:38:54,R11,EW150,AS,F
2024-12-12 20:38:56,R11,EW150,AS,F
2024-12-15 22:26:51,R11,EW147,AS,M
2024-12-18 19:18:21,R11,EW147,AS,M
2024-12-18 19:18:24,R11,EW147,AS,M
2024-12-18 19:22:50,R11,EW216,AS,M
2024-12-18 19:22:51,R11,EW216,AS,M
2024-12-18 19:22:53,R11,EW216,AS,M
2024-12-18 19:22:56,R11,EW216,AS,M
2024-12-18 19:23:01,R11,EW216,AS,M
2024-12-18 19:23:05,R11,EW216,AS,M
2024-12-18 19:33:28,R11,EW230,AS,M
2024-12-18 19:33:31,R11,EW230,AS,M
2024-12-18 19:33:33,R11,EW230,AS,M
2024-12-18 19:33:34,R11,EW230,AS,M
2024-12-18 19:45:20,R11,EW150,AS,F
2024-12-18 19:45:21,R11,EW150,AS,F
2024-12-18 19:45:22,R11,EW150,AS,F
2024-12-18 19:45:24,R11,EW150,AS,F
2024-12-18 19:45:26,R11,EW150,AS,F
2024-12-18 19:45:28,R11,EW150,AS,F
2024-12-18 19:45:29,R11,EW150,AS,F
2024-12-18 19:45:30,R11,EW150,AS,F
2024-12-18 19:45:31,R11,EW150,AS,F
2024-12-18 19:45:32,R11,EW150,AS,F
2024-12-18 19:45:33,R11,EW150,AS,F
2024-12-18 19:45:41,R11,EW150,AS,F
2024-12-18 19:45:42,R11,EW150,AS,F
2024-12-18 19:45:47,R11,EW150,AS,F
2024-12-18 19:45:49,R11,EW150,AS,F
2024-12-18 19:45:51,R11,EW150,AS,F
2024-12-18 20:00:57,R11,EW150,AS,F
2024-12-18 23:51:45,R11,EW216,AS,M
2024-12-23 20:18:03,R11,EW150,AS,F
2024-12-23 20:18:09,R11,EW150,AS,F
2024-12-23 21:45:59,R11,EW147,AS,M
2024-12-23 21:46:00,R11,EW147,AS,M
2024-12-23 21:46:04,R11,EW147,AS,M
2024-12-23 21:46:05,R11,EW147,AS,M
2024-12-24 21:42:46,R11,EW150,AS,F
2024-12-24 23:32:56,R11,EW150,AS,F
2024-12-24 23:33:01,R11,EW150,AS,F
2024-12-24 23:33:17,R11,EW150,AS,F
2024-12-24 23:33:19,R11,EW150,AS,F
2024-12-27 04:51:09,R11,EW150,AS,F
2024-12-28 20:03:52,R11,EW150,AS,F
2024-12-28 20:03:54,R11,EW150,AS,F
2024-12-28 20:03:55,R11,EW150,AS,F
2024-12-28 20:03:56,R11,EW150,AS,F
2024-12-28 20:03:57,R11,EW150,AS,F
2025-01-05 21:13:39,R12,EW147,AS,M
2025-01-05 21:13:42,R12,EW147,AS,M
2025-01-05 21:13:56,R12,EW147,AS,M
2025-01-05 21:13:59,R12,EW147,AS,M
2025-01-05 21:14:00,R12,EW147,AS,M
2025-01-05 21:16:18,R12,EW147,AS,M
2025-01-05 21:16:28,R12,EW147,AS,M
2025-01-05 21:16:30,R12,EW147,AS,M
2025-01-05 21:16:32,R12,EW147,AS,M
2025-01-06 04:06:00,R12,EW149,AS,F
2025-01-06 04:06:21,R12,EW149,AS,F
2025-01-06 04:06:23,R12,EW149,AS,F
2025-01-06 04:06:24,R12,EW149,AS,F
2025-01-06 04:06:26,R12,EW149,AS,F
2025-01-06 04:06:29,R12,EW149,AS,F
2025-01-06 04:06:32,R12,EW149,AS,F
2025-01-06 04:06:37,R12,EW149,AS,F
2025-01-06 04:06:40,R12,EW149,AS,F
2025-01-06 04:06:45,R12,EW149,AS,F
2025-01-06 04:06:54,R12,EW149,AS,F
2025-01-06 04:06:59,R12,EW149,AS,F
2025-01-06 04:07:00,R12,EW149,AS,F
2025-01-06 04:07:32,R12,EW149,AS,F
2025-01-06 04:07:37,R12,EW149,AS,F
2025-01-06 04:07:40,R12,EW149,AS,F
2025-01-06 04:07:47,R12,EW149,AS,F
2025-01-06 04:07:48,R12,EW149,AS,F
2025-01-06 04:07:49,R12,EW149,AS,F
2025-01-06 04:07:50,R12,EW149,AS,F
2025-01-06 04:07:51,R12,EW149,AS,F
2025-01-06 04:07:52,R12,EW149,AS,F
2025-01-06 04:07:56,R12,EW149,AS,F
2025-01-06 04:07:58,R12,EW149,AS,F
2025-01-06 04:07:59,R12,EW149,AS,F
2025-01-06 04:08:01,R12,EW149,AS,F
2025-01-06 04:08:02,R12,EW149,AS,F
2025-01-06 04:08:03,R12,EW149,AS,F
2025-01-06 04:08:05,R12,EW149,AS,F
2025-01-06 04:08:06,R12,EW149,AS,F
2025-01-06 04:08:08,R12,EW149,AS,F
2025-01-06 04:08:10,R12,EW149,AS,F
2025-01-21 10:26:11,R13,EWMG39,MG,F
2025-01-21 10:26:12,R13,EWMG39,MG,F
2025-01-21 10:26:13,R13,EWMG39,MG,F
2025-01-21 10:26:14,R13,EWMG39,MG,F
2025-01-21 10:26:18,R13,EWMG39,MG,F
2025-01-24 04:25:28,R13,EW150,AS,F
2025-01-24 04:25:31,R13,EW150,AS,F
2025-01-24 04:25:36,R13,EW150,AS,F
2025-01-24 04:25:38,R13,EW150,AS,F
2025-01-24 04:25:39,R13,EW150,AS,F
2025-01-24 04:25:40,R13,EW150,AS,F
2025-01-24 05:53:01,R13,EWMG39,MG,F
2025-01-24 05:53:03,R13,EWMG39,MG,F
2025-01-24 05:53:06,R13,EWMG39,MG,F
2025-01-24 05:53:07,R13,EWMG39,MG,F
2025-01-24 05:53:08,R13,EWMG39,MG,F
2025-01-24 05:53:09,R13,EWMG39,MG,F
2025-01-24 05:53:10,R13,EWMG39,MG,F
2025-01-24 05:53:11,R13,EWMG39,MG,F
2025-01-24 05:53:12,R13,EWMG39,MG,F
2025-01-24 05:53:13,R13,EWMG39,MG,F
2025-01-24 05:53:14,R13,EWMG39,MG,F
2025-01-24 05:53:15,R13,EWMG39,MG,F
2025-01-24 05:53:16,R13,EWMG39,MG,F
2025-01-24 05:53:17,R13,EWMG39,MG,F
2025-01-24 05:53:18,R13,EWMG39,MG,F
2025-01-24 05:53:19,R13,EWMG39,MG,F
2025-01-24 05:53:21,R13,EWMG39,MG,F
2025-01-24 05:53:23,R13,EWMG39,MG,F
2025-01-24 05:53:24,R13,EWMG39,MG,F
2025-01-24 05:53:25,R13,EWMG39,MG,F
2025-01-24 05:53:26,R13,EWMG39,MG,F
2025-01-24 05:53:27,R13,EWMG39,MG,F
2025-01-24 05:53:28,R13,EWMG39,MG,F
2025-01-24 05:53:30,R13,EWMG39,MG,F
2025-01-24 05:53:31,R13,EWMG39,MG,F
2025-01-24 05:53:32,R13,EWMG39,MG,F
2025-01-24 05:53:33,R13,EWMG39,MG,F
2025-01-24 05:53:34,R13,EWMG39,MG,F
2025-01-24 05:53:35,R13,EWMG39,MG,F
2025-01-24 05:53:37,R13,EWMG39,MG,F
2025-01-24 05:53:38,R13,EWMG39,MG,F
2025-01-24 05:53:39,R13,EWMG39,MG,F
2025-01-24 05:53:40,R13,EWMG39,MG,F
2025-01-24 05:53:43,R13,EWMG39,MG,F
2025-01-24 05:53:44,R13,EWMG39,MG,F
2025-01-24 05:53:45,R13,EWMG39,MG,F
2025-01-24 05:53:47,R13,EWMG39,MG,F
2025-01-24 05:53:48,R13,EWMG39,MG,F
2025-01-24 05:53:49,R13,EWMG39,MG,F
2025-01-24 05:53:50,R13,EWMG39,MG,F
2025-01-24 05:53:52,R13,EWMG39,MG,F
2025-01-24 05:53:53,R13,EWMG39,MG,F
2025-01-24 05:53:54,R13,EWMG39,MG,F
2025-01-24 05:53:55,R13,EWMG39,MG,F
2025-01-24 05:53:56,R13,EWMG39,MG,F
2025-01-24 06:08:24,R13,EWMG39,MG,F
2025-01-24 06:08:25,R13,EWMG39,MG,F
2025-01-24 06:08:26,R13,EWMG39,MG,F
2025-01-24 06:08:27,R13,EWMG39,MG,F
2025-01-24 06:08:28,R13,EWMG39,MG,F
2025-01-24 06:08:29,R13,EWMG39,MG,F
2025-01-24 06:08:30,R13,EWMG39,MG,F
2025-01-24 06:08:31,R13,EWMG39,MG,F
2025-01-24 06:08:33,R13,EWMG39,MG,F
2025-01-24 06:08:34,R13,EWMG39,MG,F
2025-01-24 06:08:35,R13,EWMG39,MG,F
2025-01-24 06:08:40,R13,EWMG39,MG,F
2025-01-24 06:08:41,R13,EWMG39,MG,F
2025-01-24 06:08:42,R13,EWMG39,MG,F
2025-01-24 06:08:43,R13,EWMG39,MG,F
2025-01-24 06:08:47,R13,EWMG39,MG,F
2025-01-24 06:08:48,R13,EWMG39,MG,F
2025-01-24 06:08:53,R13,EWMG39,MG,F
2025-01-24 06:08:54,R13,EWMG39,MG,F
2025-01-24 06:08:56,R13,EWMG39,MG,F
2025-01-24 06:08:57,R13,EWMG39,MG,F
2025-01-24 06:08:58,R13,EWMG39,MG,F
2025-01-24 06:08:59,R13,EWMG39,MG,F
2025-01-28 05:00:48,R14,EW150,AS,F
2025-01-28 05:00:51,R14,EW150,AS,F
2025-01-28 05:00:53,R14,EW150,AS,F
2025-01-28 05:00:55,R14,EW150,AS,F
2025-01-28 05:00:57,R14,EW150,AS,F
2025-01-28 05:50:54,R14,EW150,AS,F
2025-01-28 05:50:56,R14,EW150,AS,F
2025-01-29 03:23:14,R14,EW147,AS,M
2025-01-31 06:39:18,R14,EW147,AS,M
2025-01-31 06:39:19,R14,EW147,AS,M
2025-01-31 06:39:20,R14,EW147,AS,M
2025-02-20 02:58:31,R16,EW216,AS,M
2025-02-20 02:58:34,R16,EW216,AS,M
2025-02-21 01:58:16,R16,EW54,AS,M
2025-02-21 01:58:17,R16,EW54,AS,M
2025-02-21 05:09:10,R16,EW216,AS,M
2025-02-21 05:09:12,R16,EW216,AS,M
2025-02-21 05:09:15,R16,EW216,AS,M
2025-02-21 05:09:16,R16,EW216,AS,M
2025-02-21 05:09:17,R16,EW216,AS,M
2025-03-02 04:12:45,R16,EW216,AS,M
2025-03-02 04:12:58,R16,EW216,AS,M
2025-03-02 04:13:03,R16,EW216,AS,M
2025-03-02 04:13:04,R16,EW216,AS,M
2025-03-02 04:13:09,R16,EW216,AS,M
2025-03-02 04:13:10,R16,EW216,AS,M
2025-03-02 04:13:13,R16,EW216,AS,M
2025-03-04 23:50:37,R16,EW35,AS,F
2025-03-20 11:54:31,R17,EW6,AS,M
2025-03-20 11:54:36,R17,EW6,AS,M
2025-03-20 11:54:40,R17,EW6,AS,M
2025-03-20 11:54:41,R17,EW6,AS,M
2025-03-20 11:54:47,R17,EW6,AS,M
